CGPA,Department,Python,Java,WebDev,DataAnalysis,MachineLearning,CyberSecurity,Networking,DatabaseManagement,UIUX,LabSkills,Research,Teaching,ProjectManagement,Communication,Marketing,FinancialAnalysis,GIS,CriticalThinking,Internship,Career,EmployabilityScore
4.46,Mass Communication,1,0,1,0,0,0,0,0,1,0,0,0,1,1,1,0,0,1,1,Marketing Specialist,89
3.69,Economics,0,0,1,0,0,0,0,1,0,0,0,1,0,1,0,1,0,1,1,Financial Analyst,71
2.81,Biology,0,0,0,1,0,0,0,0,0,1,1,0,1,0,0,0,1,1,1,Environmental Officer,66
3.21,Criminology,0,0,1,0,1,1,1,0,0,0,0,0,0,1,0,0,0,1,1,Security Analyst,70
3.53,Guidance & Counselling,0,0,0,0,0,0,0,0,0,0,1,1,0,0,0,0,0,1,0,Teacher,66
3.34,Psychology,0,0,0,1,0,0,0,0,1,1,1,1,1,1,0,0,0,1,1,Social Analyst,77
3.71,Computer Science,1,1,1,0,1,0,0,1,0,0,1,1,0,0,0,0,0,0,0,Software Developer,74
4.32,Biology,0,0,0,1,0,0,0,1,0,1,1,1,0,1,0,0,0,1,1,Research Scientist,99
2.7,Software Engineering,1,1,0,0,0,0,1,1,0,0,1,0,1,1,0,0,0,1,1,System Analyst,73
3.77,Geography & Planning,0,0,0,1,0,0,0,1,0,1,0,0,1,0,0,0,0,1,0,Environmental Officer,68
2.47,Education & Mathematics,1,0,0,1,1,0,0,1,0,0,0,0,0,0,0,1,0,1,1,Data Analyst,66
3.87,Geography & Planning,0,0,0,1,0,0,0,0,0,1,1,0,1,0,0,0,1,1,0,Environmental Officer,78
3.82,Education & Mathematics,1,0,1,1,0,0,0,1,0,0,1,1,1,1,0,1,0,1,0,Data Analyst,93
2.09,Chemistry,0,0,0,1,0,0,0,0,0,1,1,0,0,1,1,0,0,1,0,Chemist,52
3.57,Microbiology,0,0,0,1,0,0,0,0,0,0,0,1,0,0,0,0,0,1,1,Public Health Officer,70
3.88,Sociology,0,0,0,1,1,0,0,1,0,1,1,0,1,1,0,0,0,1,0,Research Scientist,93
3.88,Agriculture,1,0,0,1,1,0,0,1,0,1,1,0,0,1,0,0,0,1,0,Research Scientist,81
3.32,Data Science,1,0,0,1,1,0,0,1,0,0,1,1,0,0,1,1,0,1,1,Data Scientist,89
3.72,Estate Management,0,0,1,1,0,0,0,0,0,0,1,0,0,1,1,0,1,1,0,GIS Specialist,78
3.9,Estate Management,0,0,0,1,0,0,0,0,0,0,0,1,1,1,1,0,0,1,1,Property Manager,82
4.36,Forestry,0,0,0,1,0,0,0,0,0,0,1,0,1,0,0,0,1,0,0,GIS Specialist,78
3.09,Biology,1,0,0,0,0,0,0,0,0,1,1,0,1,1,0,0,0,1,0,Research Scientist,70
3.4,Forestry,0,0,1,0,0,0,0,0,0,1,1,0,0,0,1,0,1,1,0,Agricultural Officer,62
3.9,Education & Biology,0,0,0,1,0,0,1,0,0,1,1,1,0,1,1,0,0,1,1,Teacher,87
4.04,Education & Mathematics,0,0,0,1,1,0,0,1,0,1,1,0,0,1,0,0,0,1,0,Data Analyst,77
3.68,Accounting,1,0,1,1,1,0,1,0,0,0,1,0,1,1,1,1,0,1,0,Financial Analyst,86
4.34,Biochemistry,0,0,0,1,0,0,0,0,0,1,1,0,1,1,0,0,0,1,1,Lab Scientist,90
4.76,Sociology,0,0,0,0,0,0,0,0,0,1,1,0,1,1,0,0,0,1,0,Research Scientist,99
2.94,Accounting,0,0,0,1,1,0,0,1,0,0,0,0,0,0,0,1,0,1,1,Accountant,69
4.06,Banking & Finance,1,0,0,1,0,0,0,1,0,0,1,0,0,1,1,1,0,1,1,Investment Analyst,99
3.84,Criminology,0,0,0,0,0,0,0,0,0,0,1,1,0,1,1,0,1,1,0,Policy Analyst,74
4.71,Biology,0,1,0,1,1,0,0,1,0,1,1,0,0,0,0,0,0,1,0,Research Scientist,90
3.21,Psychology,0,0,1,0,0,0,0,0,0,0,0,1,1,1,0,0,0,1,1,Counsellor,69
3.67,Forestry,0,0,0,0,0,0,0,0,0,0,1,0,0,0,0,0,1,0,0,Environmental Officer,60
4.0,Cyber Security,1,0,1,1,0,1,1,1,0,0,0,0,1,1,0,1,0,0,0,Cybersecurity Analyst,86
2.95,Information Systems,1,1,1,0,0,0,0,1,1,0,0,0,1,1,0,0,0,1,1,Software Developer,77
3.74,Chemistry,1,1,0,0,0,0,1,0,0,1,1,0,0,1,0,0,0,1,0,Chemist,71
2.28,Biochemistry,0,0,0,0,0,0,0,0,0,1,1,1,0,0,0,0,0,1,0,Lab Scientist,47
4.07,Agriculture,0,0,0,1,0,0,0,0,0,1,1,0,1,0,0,0,1,1,0,Research Scientist,73
2.69,Education & Mathematics,1,0,0,1,1,0,0,1,0,0,1,0,0,1,0,0,0,1,1,Data Analyst,80
3.42,Marketing,0,1,0,1,0,0,0,1,0,0,0,0,1,0,1,0,0,1,0,Business Analyst,71
3.52,Business Administration,0,0,1,0,1,0,0,0,0,0,0,0,1,1,1,0,1,1,0,Marketing Specialist,69
3.48,Mathematics,1,0,0,1,0,0,0,1,1,0,0,0,0,1,0,0,0,1,0,Data Analyst,74
4.22,Microbiology,0,0,0,0,1,0,0,0,0,1,1,0,0,0,0,1,0,1,1,Lab Scientist,88
3.79,Forestry,0,0,0,1,0,0,0,0,1,0,1,0,0,1,0,0,1,1,1,GIS Specialist,90
3.94,Software Engineering,0,0,0,0,0,0,1,1,1,0,0,0,1,1,0,0,0,1,0,System Analyst,79
4.18,Education & Mathematics,0,0,0,1,1,0,1,1,0,0,1,0,0,1,0,0,0,0,0,Data Analyst,75
3.13,Geography & Planning,0,0,0,0,0,0,0,0,1,0,1,0,0,0,0,0,0,1,1,Environmental Officer,55
3.25,Psychology,0,0,0,1,1,0,0,1,0,1,1,1,0,0,0,0,0,0,0,Research Scientist,70
3.3,Education & English,0,0,1,1,0,0,0,0,0,0,1,0,0,1,1,0,0,0,1,Content Writer,65
3.01,Education & English,1,0,1,0,0,0,1,1,0,0,0,0,0,1,0,0,0,1,0,Content Writer,54
4.06,Data Science,0,1,0,1,1,0,1,1,0,0,1,0,0,0,0,0,0,0,0,AI Engineer,83
3.45,Forestry,0,0,0,1,0,0,1,0,0,0,0,0,0,0,0,0,1,1,1,GIS Specialist,77
3.74,Mass Communication,0,0,1,0,0,0,0,0,1,0,0,0,1,1,1,0,0,0,1,Content Strategist,86
3.16,Accounting,1,0,0,1,0,1,0,0,0,0,0,1,0,1,1,1,0,1,1,Financial Analyst,71
3.96,Mass Communication,0,0,0,0,0,0,0,0,0,0,1,0,1,1,1,0,0,1,0,Content Strategist,79
4.04,Information Systems,1,1,1,0,0,0,1,0,0,0,0,0,1,1,0,0,0,1,1,Software Developer,90
3.41,Guidance & Counselling,0,0,0,0,0,0,0,1,0,0,1,1,0,1,0,0,0,0,1,Social Analyst,64
2.65,Software Engineering,1,0,0,1,1,0,0,1,1,0,1,0,1,1,0,0,0,0,0,AI Engineer,69
4.1,Statistics,0,1,0,0,0,0,0,0,0,1,1,0,0,1,0,0,1,1,0,Research Scientist,70
3.94,Business Administration,0,0,0,1,0,0,0,0,0,1,0,0,0,0,1,0,0,1,1,Marketing Specialist,75
3.8,Biology,1,0,0,1,1,1,0,0,0,1,1,0,0,1,0,0,0,1,0,Research Scientist,86
2.54,Estate Management,0,0,0,1,1,0,0,1,0,1,0,0,0,1,0,1,0,1,1,Financial Analyst,67
3.47,Mathematics,1,0,0,1,0,0,0,1,0,0,1,0,1,1,0,1,0,1,0,Data Analyst,78
3.75,Criminology,0,0,1,1,1,0,0,0,0,0,1,0,1,1,0,0,0,1,0,Policy Analyst,85
3.04,Biochemistry,0,0,0,0,1,0,0,0,0,1,1,0,0,0,0,0,0,1,0,Lab Scientist,62
3.34,Data Science,1,1,0,1,1,0,1,1,0,0,0,0,0,1,0,0,0,1,1,AI Engineer,93
3.22,Software Engineering,0,1,1,0,1,1,0,1,0,0,0,0,1,1,0,1,0,1,0,Software Developer,77
3.24,Political Science,0,0,0,1,1,0,0,0,0,0,1,1,0,1,0,0,0,0,0,Policy Analyst,55
3.92,Criminology,0,0,0,0,0,0,0,0,0,0,1,0,0,1,0,0,0,1,0,Policy Analyst,71
4.71,Forestry,0,0,0,1,0,0,0,0,0,1,0,0,0,1,1,0,0,1,0,Environmental Officer,86
3.97,Physics,0,0,0,1,1,0,0,0,0,1,0,0,1,0,0,0,0,1,1,Research Scientist,90
3.37,Software Engineering,0,0,1,0,0,0,1,0,1,0,1,0,0,1,0,0,0,1,1,System Analyst,72
4.47,Chemistry,0,0,0,1,0,0,0,0,0,1,1,0,0,1,0,0,0,1,0,Lab Scientist,86
2.97,Law,0,0,0,0,0,0,0,0,1,0,1,0,1,1,0,0,0,1,0,Lawyer,57
3.48,Geography & Planning,0,0,0,1,0,0,0,1,0,0,1,1,0,1,0,0,1,1,0,GIS Specialist,68
3.74,Criminology,0,0,0,1,0,0,0,0,0,0,0,0,0,1,0,0,1,0,0,Policy Analyst,61
3.53,Marketing,0,0,0,1,1,0,0,0,0,0,0,0,1,0,0,0,0,1,0,Business Analyst,65
2.73,Software Engineering,1,0,0,1,1,0,1,1,1,0,0,0,1,1,0,0,0,1,0,AI Engineer,81
3.48,Mathematics,1,0,0,1,1,1,0,1,1,0,0,0,1,0,0,1,0,1,1,Actuary,85
4.53,Political Science,0,0,0,0,0,0,0,0,0,0,1,0,0,1,0,0,1,1,1,Social Analyst,93
2.48,Geography & Planning,0,0,0,1,0,0,0,0,0,0,0,0,0,0,1,0,1,0,0,Environmental Officer,45
3.72,Mathematics,1,0,1,1,1,1,0,1,1,0,1,0,0,0,0,0,1,1,1,Data Analyst,88
3.05,Fisheries,1,0,0,1,0,0,0,1,0,1,1,1,1,1,0,0,0,1,1,Research Scientist,87
3.42,Biology,0,0,0,1,0,0,0,0,0,1,1,1,1,1,0,0,0,1,0,Research Scientist,79
3.97,Biochemistry,0,0,0,0,0,0,0,0,0,1,0,1,1,0,0,0,0,0,1,Chemist,77
3.02,English Studies,0,1,0,0,0,0,0,0,1,0,0,0,1,1,1,0,0,1,1,Content Strategist,71
2.5,Education & English,0,0,0,0,0,0,0,0,1,0,0,0,1,1,1,0,0,1,1,Content Writer,64
4.28,Mass Communication,0,0,0,0,0,0,0,0,1,0,1,0,1,1,1,1,0,1,1,Marketing Specialist,93
4.04,Estate Management,0,0,0,0,0,1,0,0,0,0,0,0,1,1,1,0,1,1,1,Property Manager,86
2.59,Economics,1,0,0,1,0,0,1,1,0,0,1,1,1,1,0,1,0,1,0,Financial Analyst,67
2.32,Biochemistry,1,0,0,1,1,1,1,0,0,1,1,0,0,1,0,0,0,1,0,Research Scientist,57
4.24,Criminology,1,0,0,0,0,1,1,0,0,0,0,1,1,0,0,0,0,1,0,Cybersecurity Analyst,81
2.51,Guidance & Counselling,0,0,1,0,0,0,0,0,0,0,1,1,0,1,0,0,0,1,0,Teacher,55
2.59,Economics,0,0,0,1,0,0,0,0,0,0,1,0,0,1,0,0,1,1,0,Policy Analyst,60
2.83,Cyber Security,0,1,0,1,1,0,1,1,1,0,0,1,1,1,0,0,0,0,1,System Analyst,72
4.42,Physics,0,0,0,1,0,0,1,1,0,1,1,1,1,1,0,0,0,1,1,Research Scientist,104
4.09,Biology,0,0,0,0,0,0,0,0,0,0,1,0,0,1,0,0,0,1,1,Environmental Officer,77
3.44,Mathematics,1,0,0,1,0,0,0,1,0,0,0,0,1,0,0,1,0,1,1,Data Analyst,83
2.66,Physics,1,0,0,1,0,0,0,0,0,1,1,0,1,1,0,0,0,0,1,Research Scientist,64
3.16,Fisheries,0,0,0,1,0,0,0,0,0,1,1,1,0,1,0,0,1,1,0,Fishery Officer,64
3.49,Guidance & Counselling,0,0,0,0,0,0,0,0,0,0,0,0,0,1,0,0,0,1,0,Counsellor,65
4.5,Guidance & Counselling,0,0,0,0,0,0,0,0,0,0,1,1,0,1,0,0,0,1,0,Teacher,88
4.52,Business Administration,0,1,1,0,1,0,0,1,1,0,0,0,1,1,0,1,0,1,1,Business Analyst,105
2.52,Criminology,0,1,0,0,0,1,1,1,1,0,1,0,0,0,0,0,0,1,0,Security Analyst,49
3.96,Political Science,0,0,0,0,0,0,0,0,0,0,1,0,0,1,0,0,0,1,1,Lawyer,81
4.38,Agriculture,1,0,0,1,0,0,0,0,0,0,1,0,0,1,1,0,0,1,0,Research Scientist,82
3.44,Software Engineering,0,1,1,0,0,0,0,1,0,0,0,0,0,1,1,0,0,0,0,Software Developer,66
3.7,Mass Communication,0,0,0,1,0,1,0,1,1,0,0,0,0,1,1,0,0,1,1,Marketing Specialist,94
3.71,Statistics,0,0,0,1,0,0,0,0,0,1,1,1,0,1,1,1,1,0,0,Research Scientist,73
2.71,Computer Science,1,0,0,0,0,1,1,0,0,0,0,0,1,1,0,0,0,1,0,Cybersecurity Analyst,62
3.64,Computer Science,1,0,0,1,1,0,0,1,0,0,1,0,1,0,0,0,0,1,1,Data Scientist,97
3.24,Microbiology,1,0,0,1,0,1,0,0,0,1,1,1,0,0,0,0,0,0,1,Lab Scientist,78
2.72,Sociology,0,0,0,1,0,1,0,0,0,1,1,0,0,1,0,0,0,0,0,Research Scientist,57
3.13,Fisheries,0,0,0,1,0,0,0,0,1,1,0,0,1,1,0,0,1,0,0,Fishery Officer,56
2.53,Guidance & Counselling,0,1,0,0,0,0,0,0,0,1,1,1,1,0,0,0,0,1,0,Teacher,44
2.67,Data Science,1,1,0,1,1,0,0,1,0,0,0,0,1,0,1,0,0,1,1,Data Scientist,73
3.07,Chemistry,0,0,0,1,0,0,0,0,0,0,1,1,1,0,0,0,0,1,0,Chemist,61
3.4,Chemistry,1,0,0,0,0,0,1,0,0,1,1,0,0,1,0,0,0,1,0,Research Scientist,71
3.32,Marketing,0,0,0,0,0,0,0,1,1,0,0,0,1,1,1,0,0,1,1,Marketing Specialist,77
2.62,History & International Studies,1,0,0,0,0,0,0,0,0,0,1,0,1,1,0,0,0,1,0,Legal Researcher,59
3.21,Software Engineering,1,1,1,1,0,0,1,1,0,0,0,0,1,0,0,0,0,0,1,System Analyst,79
3.9,Biochemistry,0,0,0,0,0,0,0,0,0,1,1,1,1,1,1,0,0,1,1,Chemist,86
3.64,English Studies,0,0,0,0,1,0,0,0,0,0,1,0,0,1,0,0,0,1,1,Legal Researcher,71
4.08,Estate Management,0,0,0,0,0,0,0,0,0,0,0,0,1,1,1,1,1,1,1,Property Manager,98
3.02,Information Systems,0,0,0,1,0,1,1,1,1,0,0,0,1,0,0,0,0,1,1,System Analyst,79
2.97,Law,0,0,0,0,0,0,0,0,0,0,0,0,0,1,0,0,1,1,0,Policy Analyst,56
3.89,Economics,1,0,0,1,0,0,0,1,0,0,1,0,0,1,0,1,0,1,1,Economist,81
3.37,Microbiology,0,0,0,1,0,0,0,0,0,1,1,0,0,0,1,1,0,1,0,Lab Scientist,67
2.86,Geography & Planning,0,0,0,1,0,0,0,0,1,0,1,0,0,0,1,0,1,1,0,GIS Specialist,67
3.09,Chemistry,1,0,0,0,0,0,0,1,0,1,1,0,1,0,0,0,0,1,0,Research Scientist,61
2.6,Law,0,1,1,1,0,0,0,0,0,0,0,0,1,1,0,0,0,1,0,Lawyer,55
3.66,History & International Studies,0,0,0,0,0,1,0,0,0,0,0,0,0,1,0,0,0,1,1,Legal Researcher,73
3.42,Cyber Security,1,0,0,1,0,0,1,0,1,0,1,0,1,1,1,0,0,1,0,Cybersecurity Analyst,73
4.24,Physics,0,0,0,1,0,0,0,1,0,1,1,0,1,0,0,0,0,0,1,Lab Scientist,83
2.88,Forestry,0,0,0,0,0,1,1,0,0,0,0,1,0,1,0,1,1,0,0,GIS Specialist,51
3.42,Criminology,0,0,1,1,0,0,0,0,0,0,1,1,0,0,1,0,0,1,1,Policy Analyst,74
4.65,Law,0,0,0,1,0,0,0,0,0,0,1,0,0,1,0,1,0,1,1,Policy Analyst,93
3.93,Data Science,1,0,0,1,1,0,0,0,0,0,0,0,0,0,1,0,0,0,1,Data Analyst,76
3.81,Education & Biology,0,0,0,1,0,0,0,0,0,1,1,0,0,0,1,1,0,0,1,Lab Scientist,77
4.24,Education & English,0,0,0,0,0,0,0,1,0,0,0,1,1,1,0,0,0,1,0,Teacher,78
4.44,Banking & Finance,0,0,0,1,0,0,0,0,1,0,1,0,1,1,0,1,0,0,0,Financial Analyst,85
3.91,English Studies,0,0,0,0,0,0,0,0,1,0,0,1,1,1,1,0,0,1,0,Content Strategist,79
3.13,Guidance & Counselling,1,0,0,1,0,0,1,0,0,0,0,1,0,1,0,0,0,1,0,Teacher,71
3.13,Mathematics,1,0,0,1,1,0,0,0,1,1,0,0,0,0,0,0,0,0,0,Research Scientist,64
4.4,Criminology,0,0,1,0,0,0,0,0,0,0,1,0,0,1,0,1,0,1,0,Policy Analyst,80
4.63,Accounting,0,0,0,1,0,0,0,0,0,0,0,0,1,0,0,1,0,1,1,Accountant,94
3.53,Marketing,1,0,0,0,0,0,0,0,0,0,1,1,1,0,1,0,0,1,0,Content Strategist,61
3.3,Sociology,0,0,1,1,0,0,0,0,0,0,0,0,0,1,1,0,1,1,0,Policy Analyst,58
3.34,Mass Communication,0,0,1,1,0,0,0,0,0,0,0,0,1,1,1,0,0,1,0,Content Strategist,72
2.6,Psychology,1,0,0,1,1,0,0,0,0,1,1,0,0,0,0,0,0,1,0,Research Scientist,55
2.56,Chemistry,1,0,0,0,0,0,0,0,0,1,1,1,1,0,0,0,0,1,1,Chemist,70
3.09,Law,0,0,0,0,0,0,0,0,0,0,1,0,1,0,0,0,0,1,0,Policy Analyst,53
2.23,Agriculture,0,0,1,0,0,0,0,1,1,1,1,0,0,0,1,0,0,1,1,Research Scientist,58
3.75,Mathematics,1,1,0,1,0,0,0,1,0,0,1,0,1,0,0,0,0,1,1,Data Analyst,83
3.82,Guidance & Counselling,1,0,0,0,0,0,0,0,0,0,0,0,0,1,0,0,0,1,0,Social Analyst,65
3.31,Mathematics,1,0,0,0,1,0,0,0,0,1,1,1,0,1,0,0,0,1,0,Research Scientist,80
3.72,Software Engineering,1,1,1,0,0,0,0,1,1,0,1,0,1,0,0,0,0,1,0,Software Developer,89
4.44,Physics,1,1,0,1,0,0,0,1,1,1,1,1,1,1,0,0,0,1,0,Research Scientist,93
3.69,Banking & Finance,1,0,0,1,0,0,0,1,0,0,1,0,1,1,0,1,0,0,0,Financial Analyst,79
3.58,Software Engineering,1,0,0,0,1,1,1,1,0,0,1,0,1,1,0,0,0,1,0,AI Engineer,82
2.89,Data Science,1,0,0,1,1,0,1,1,0,0,0,0,1,1,0,0,0,1,0,AI Engineer,76
2.97,Statistics,0,0,0,1,0,0,0,1,0,0,1,1,1,0,0,1,0,1,0,Actuary,68
4.06,Psychology,0,0,0,1,0,0,1,0,1,1,1,1,0,0,0,1,0,1,1,Research Scientist,87
3.05,Forestry,0,0,0,0,0,0,0,0,1,1,1,0,1,0,1,0,1,0,0,Agricultural Officer,54
4.58,Political Science,0,0,0,1,0,0,0,0,0,0,1,0,0,1,0,0,0,1,0,Policy Analyst,91
2.9,Biology,0,0,0,0,0,0,0,0,0,0,0,1,1,0,0,0,0,1,1,Environmental Officer,59
3.93,English Studies,0,0,0,0,0,0,0,0,0,0,1,0,1,1,1,1,0,0,1,Content Writer,78
4.42,Marketing,1,0,1,1,1,0,1,1,0,0,1,0,1,1,1,1,0,1,0,Business Analyst,108
3.64,Economics,1,0,0,1,0,0,1,0,0,0,1,0,0,1,0,1,0,1,0,Economist,79
2.67,Biochemistry,0,0,0,1,1,0,0,0,0,1,1,1,0,0,0,0,0,1,1,Lab Scientist,58
3.46,Sociology,0,0,0,1,0,0,0,0,0,0,1,0,1,0,0,0,0,1,1,Social Analyst,75
3.51,Guidance & Counselling,0,1,0,0,0,0,1,0,0,0,1,1,1,1,0,0,0,1,0,Teacher,72
4.23,Physics,1,0,1,0,0,0,0,1,1,0,0,0,1,0,0,1,0,1,0,Data Analyst,77
4.59,Agriculture,0,0,0,0,0,1,0,1,0,1,1,1,0,1,0,0,1,1,1,Environmental Officer,97
3.37,Education & Mathematics,0,0,0,0,0,0,0,0,0,0,0,1,0,1,0,0,0,1,1,Curriculum Developer,71
3.86,Sociology,0,0,1,1,0,0,0,0,0,0,1,0,1,0,0,0,0,1,0,Policy Analyst,69
2.72,Forestry,0,0,1,1,0,0,0,0,0,0,0,0,0,0,0,0,1,1,0,GIS Specialist,55
4.22,Business Administration,0,0,0,1,0,0,0,0,0,0,0,0,1,0,0,1,0,1,0,Project Manager,73
4.71,Forestry,0,0,0,0,0,0,0,0,0,0,1,0,0,1,0,0,1,1,0,Environmental Officer,86
3.56,Criminology,0,0,0,0,0,1,0,1,0,0,1,0,1,0,0,0,0,1,0,Security Analyst,71
3.42,Psychology,0,0,0,1,0,1,0,1,0,0,1,0,0,1,1,0,0,1,1,Research Scientist,81
3.08,Education & Biology,1,0,0,1,0,0,0,1,0,1,1,0,1,1,0,0,0,1,0,Research Scientist,69
2.94,History & International Studies,0,1,0,0,0,0,0,0,0,0,1,0,0,0,0,0,1,1,1,Legal Researcher,60
3.07,Criminology,0,0,0,1,0,0,0,0,0,0,1,1,0,1,0,1,0,1,0,Policy Analyst,62
2.75,Information Systems,0,0,1,1,0,0,1,1,0,0,1,0,1,0,0,0,0,1,1,System Analyst,67
4.66,Physics,1,0,0,1,1,0,0,1,0,1,1,0,1,0,0,0,0,1,0,Research Scientist,95
3.93,Mass Communication,0,0,1,0,0,0,0,0,0,0,0,0,1,1,1,0,0,0,0,Marketing Specialist,74
3.91,English Studies,0,1,0,0,0,0,0,0,0,0,1,0,0,1,1,0,0,1,0,Legal Researcher,74
2.43,Banking & Finance,0,0,0,1,0,0,0,1,0,0,0,0,0,1,0,1,0,1,0,Accountant,53
3.96,Estate Management,0,0,0,0,0,0,0,1,0,0,0,0,0,1,0,1,1,1,1,Property Manager,86
4.04,Banking & Finance,1,0,0,1,0,0,1,0,0,0,1,0,1,1,0,1,0,1,0,Financial Analyst,83
3.71,Psychology,1,0,0,0,0,0,0,0,0,0,0,1,1,1,0,0,0,0,0,Counsellor,64
2.66,Mass Communication,0,1,0,0,0,0,0,0,0,0,1,0,0,1,1,0,0,1,0,Content Writer,51
3.06,Fisheries,0,0,0,0,0,0,0,0,0,0,1,0,0,1,0,0,1,0,0,Fishery Officer,52
2.57,Fisheries,0,0,0,1,0,0,0,0,1,0,1,0,1,1,0,0,0,1,1,Environmental Officer,59
4.23,Economics,0,0,0,1,1,0,0,1,0,0,0,0,1,0,1,1,0,1,1,Economist,90
4.58,Criminology,1,1,0,1,0,0,0,0,1,0,1,0,1,1,1,0,0,0,0,Policy Analyst,86
4.27,Physics,0,0,0,1,1,0,0,0,0,1,1,0,1,0,0,0,0,0,0,Lab Scientist,81
3.38,Statistics,1,0,0,1,1,0,0,1,0,0,1,0,1,0,0,0,0,1,0,Data Analyst,65
3.97,Education & English,0,0,0,0,0,0,0,0,0,0,1,1,0,1,0,0,0,1,0,Teacher,81
3.18,Education & Mathematics,0,0,0,0,0,0,0,0,1,0,1,1,1,1,0,0,0,1,1,Curriculum Developer,76
4.04,Computer Science,1,0,0,1,1,1,1,1,0,0,0,0,0,1,0,0,0,1,0,Cybersecurity Analyst,82
2.77,Information Systems,1,0,1,1,1,1,0,1,1,0,1,0,1,1,0,0,0,1,0,Software Developer,73
2.46,Chemistry,0,0,0,1,0,0,0,1,0,1,1,0,1,1,0,1,0,1,1,Lab Scientist,66
4.7,Education & English,0,0,0,1,0,0,0,0,0,0,1,1,1,1,0,0,0,1,0,Teacher,87
4.46,Mass Communication,0,0,0,0,0,0,0,1,1,0,0,0,1,1,1,0,0,1,0,Content Strategist,77
4.53,Biochemistry,0,0,0,1,0,0,0,0,0,1,1,0,1,1,0,0,0,1,1,Chemist,99
4.1,Guidance & Counselling,0,1,0,1,0,0,1,1,0,0,1,0,0,1,0,0,0,1,0,Social Analyst,74
2.7,Forestry,0,0,0,0,0,1,0,0,0,0,0,1,1,0,0,0,0,1,1,Agricultural Officer,49
3.11,Sociology,0,0,1,0,0,0,0,0,0,1,1,0,0,1,0,1,0,0,0,Policy Analyst,51
3.16,Chemistry,1,0,0,1,1,0,0,0,0,1,1,0,1,1,0,0,0,1,0,Research Scientist,70
3.99,Education & English,0,0,0,0,0,0,0,0,0,0,1,1,0,1,1,0,0,1,0,Content Writer,72
4.47,Estate Management,1,0,0,1,1,0,0,1,0,1,0,0,0,1,1,1,0,0,1,Financial Analyst,95
4.18,Chemistry,0,0,0,0,0,0,0,0,0,1,1,1,0,1,0,0,0,1,0,Chemist,82
3.74,Biology,0,0,1,1,0,0,1,0,0,1,1,0,1,1,0,0,1,0,1,Environmental Officer,85
4.68,Guidance & Counselling,0,0,0,0,0,0,0,0,0,0,0,1,1,1,0,0,0,1,0,Counsellor,83
4.04,Statistics,1,0,0,1,1,0,0,1,0,0,1,1,1,0,0,1,0,1,0,Actuary,95
4.37,Economics,1,0,0,1,1,0,1,0,0,0,0,0,0,1,0,1,1,1,0,Financial Analyst,81
3.69,Marketing,0,0,0,1,0,0,1,0,1,0,0,0,1,1,0,0,0,1,1,Business Analyst,76
4.05,Cyber Security,1,0,1,0,1,1,1,0,1,0,0,0,0,0,1,0,0,0,0,Cybersecurity Analyst,76
3.3,Banking & Finance,1,0,0,1,0,0,0,1,1,0,0,0,1,0,0,1,0,1,0,Accountant,65
3.03,Economics,0,0,0,0,0,0,0,0,1,0,1,0,1,1,0,0,0,1,0,Policy Analyst,60
3.0,Accounting,0,0,0,1,1,0,0,1,1,0,0,0,1,0,1,1,0,1,0,Financial Analyst,68
2.97,Marketing,0,0,0,0,0,0,1,0,0,0,0,0,1,1,1,0,0,1,0,Marketing Specialist,60
4.88,Biology,0,0,1,1,0,0,0,0,0,1,1,1,0,1,0,0,0,1,1,Research Scientist,105
2.27,Estate Management,0,0,1,1,0,0,0,1,0,0,1,0,0,0,0,0,1,1,0,GIS Specialist,50
3.37,Mass Communication,0,0,0,0,0,0,0,0,0,0,1,0,0,1,1,0,0,1,0,Marketing Specialist,67
3.29,Psychology,0,0,0,0,0,0,0,0,0,0,1,0,0,1,0,0,0,1,1,Counsellor,73
4.17,Information Systems,1,1,1,0,1,1,1,1,1,0,1,0,0,1,0,0,0,1,0,Software Developer,99
2.25,Cyber Security,1,0,0,1,1,1,1,1,0,0,1,0,0,1,0,0,0,1,0,Cybersecurity Analyst,67
3.81,Statistics,1,0,0,1,1,0,0,0,0,1,1,0,1,1,0,0,0,1,1,Research Scientist,96
3.95,Chemistry,0,0,0,0,0,0,1,0,0,1,1,0,0,1,0,0,0,1,1,Chemist,88
3.34,Education & English,0,0,0,0,0,0,0,0,1,0,1,1,0,1,0,0,0,0,0,Curriculum Developer,64
3.14,Marketing,0,0,1,1,0,0,0,0,1,0,0,0,1,1,0,0,0,1,1,Content Strategist,74
4.31,Education & Biology,0,0,0,0,0,0,0,0,0,0,0,0,0,1,1,0,0,1,0,Teacher,73
3.6,Education & English,0,0,0,0,0,0,1,0,0,0,1,1,1,1,0,0,0,1,0,Content Writer,68
3.74,Biochemistry,1,0,0,0,1,0,0,1,0,1,1,0,0,1,0,0,0,1,0,Research Scientist,80
3.26,Software Engineering,1,1,1,1,1,0,1,1,0,0,1,0,1,0,0,0,0,1,1,AI Engineer,95
3.66,Geography & Planning,0,0,1,1,0,0,0,1,1,0,1,1,1,1,0,1,1,1,1,Policy Analyst,86
4.22,Marketing,1,0,0,1,0,0,0,0,1,0,0,0,1,1,0,0,0,1,0,Business Analyst,84
3.85,Statistics,1,0,0,1,0,0,0,0,0,0,1,0,1,1,1,1,0,1,0,Actuary,89
3.24,Political Science,0,0,1,1,0,0,0,1,0,1,1,0,1,1,0,0,0,1,1,Policy Analyst,76
2.59,Geography & Planning,0,0,0,0,0,0,0,0,0,0,1,0,0,1,0,0,1,1,0,GIS Specialist,45
2.55,Microbiology,1,0,0,1,1,0,0,0,0,0,0,1,1,0,0,0,0,1,0,Public Health Officer,53
4.18,Data Science,1,0,1,1,1,0,0,1,0,0,1,0,1,0,0,0,0,1,0,AI Engineer,90
3.01,Mathematics,1,0,1,1,0,0,0,0,0,0,1,0,0,1,0,1,0,1,0,Actuary,68
2.46,Chemistry,0,0,0,1,0,0,0,0,0,1,1,0,0,0,0,0,0,0,1,Research Scientist,55
3.02,English Studies,0,0,0,0,0,0,1,0,1,0,1,0,1,1,0,0,0,1,0,Content Strategist,58
2.88,Information Systems,1,0,0,1,1,0,0,1,0,0,1,0,1,0,0,1,0,1,0,Data Analyst,67
4.83,Agriculture,0,0,0,0,0,0,0,0,0,0,1,0,1,1,0,0,0,1,0,Environmental Officer,91
3.78,Criminology,1,1,0,1,0,1,1,0,0,0,0,0,0,0,0,0,0,1,1,Cybersecurity Analyst,93
2.25,Statistics,0,0,0,1,1,0,1,1,0,1,1,1,1,1,0,0,1,1,0,Research Scientist,64
4.2,Statistics,0,0,1,1,1,0,0,0,0,0,1,0,0,0,0,0,1,1,0,Research Scientist,78
4.03,Computer Science,1,1,0,0,1,0,1,1,0,0,0,0,0,0,0,0,0,1,0,AI Engineer,90
3.24,Information Systems,1,1,1,1,0,0,0,1,1,0,0,0,1,0,0,0,0,0,0,Software Developer,69
3.86,Business Administration,0,0,0,1,0,0,0,0,1,1,1,0,0,1,1,0,0,1,1,Marketing Specialist,81
3.74,Education & English,0,0,0,0,0,0,0,0,0,0,0,0,0,1,1,0,0,1,0,Content Writer,63
3.0,Physics,0,0,0,1,0,0,0,0,0,0,1,0,1,1,0,0,0,1,0,Research Scientist,66
4.09,Education & Biology,0,0,0,0,1,0,0,0,0,0,0,0,0,1,0,0,0,1,0,Teacher,71
3.04,English Studies,0,0,0,0,0,0,0,0,0,0,1,0,0,0,1,0,0,1,0,Legal Researcher,58
3.54,Law,0,0,0,0,0,0,0,1,0,0,0,0,1,1,0,0,0,1,1,Lawyer,74
2.45,Biochemistry,0,0,0,0,0,0,0,0,0,1,1,1,1,1,0,0,0,0,1,Chemist,58
3.85,Education & Mathematics,1,0,0,1,0,0,0,0,1,0,1,1,1,1,0,0,0,1,0,Curriculum Developer,83
3.28,Physics,1,0,0,1,0,1,0,0,0,1,1,0,0,1,1,0,0,1,1,Research Scientist,81
4.37,Physics,1,0,0,1,0,0,0,0,0,1,1,1,0,0,0,0,1,0,1,Research Scientist,100
3.58,Economics,0,0,0,0,0,0,0,0,0,0,1,0,1,1,0,0,0,1,0,Policy Analyst,67
3.49,Business Administration,0,0,0,0,0,0,0,0,0,0,0,1,0,1,1,0,0,1,0,Project Manager,69
2.73,Education & Mathematics,0,0,0,0,0,0,0,0,0,0,1,1,1,1,0,0,0,1,1,Curriculum Developer,69
3.17,Estate Management,0,0,0,0,0,0,0,1,0,0,0,1,1,1,1,0,0,1,0,Property Manager,61
3.21,Geography & Planning,1,0,0,1,0,0,0,0,1,0,1,0,1,1,0,0,1,1,0,GIS Specialist,72
3.46,Geography & Planning,0,0,0,0,0,0,1,1,0,0,1,0,0,0,0,0,1,1,1,GIS Specialist,82
3.11,Sociology,0,0,0,1,0,0,1,1,0,0,1,0,1,1,0,0,0,1,0,Social Analyst,67
3.51,Information Systems,0,1,1,1,0,0,0,0,0,0,1,0,1,1,0,0,0,1,1,System Analyst,80
3.44,Biology,1,1,0,0,0,0,0,0,0,1,1,0,0,1,0,0,0,1,1,Research Scientist,78
3.65,English Studies,0,0,1,0,0,0,0,0,0,0,1,0,0,1,1,0,0,0,0,Content Writer,64
4.87,Guidance & Counselling,0,0,0,0,0,0,0,1,0,0,0,1,1,1,0,0,0,1,1,Counsellor,93
3.65,English Studies,0,0,1,0,0,0,0,0,1,0,1,1,0,1,0,0,0,1,1,Content Writer,83
3.3,Political Science,1,0,0,0,0,0,0,0,0,1,0,1,1,0,0,0,0,0,0,Policy Analyst,54
4.63,Data Science,1,1,0,1,0,0,0,1,0,0,0,0,1,1,0,0,0,1,1,Data Analyst,96
3.4,Accounting,0,0,0,1,0,0,0,0,0,0,0,0,0,1,0,1,0,1,0,Auditor,62
3.19,Education & English,0,0,1,1,0,0,0,0,0,0,1,0,0,1,1,0,0,1,0,Content Writer,65
4.44,Biology,0,0,0,1,1,0,0,1,0,1,1,1,0,1,0,0,1,1,0,Environmental Officer,88
3.18,Fisheries,0,1,1,0,0,0,0,0,1,0,1,0,1,0,0,0,1,0,0,Environmental Officer,54
3.06,Accounting,0,0,0,0,0,0,0,0,0,0,1,0,0,0,0,0,0,1,0,Accountant,48
3.36,Banking & Finance,1,0,0,1,1,0,0,0,0,0,1,0,1,1,1,1,0,1,0,Investment Analyst,82
2.66,Physics,1,1,0,1,0,0,0,1,0,0,1,0,0,1,0,1,0,1,0,Data Analyst,64
3.74,Mass Communication,0,0,0,1,0,0,0,0,0,0,1,0,1,1,1,0,0,1,0,Content Writer,75
3.5,Biochemistry,0,0,0,0,0,0,0,0,0,1,1,0,0,0,0,0,0,1,0,Lab Scientist,65
2.66,Physics,0,0,0,1,1,0,0,1,0,1,1,0,0,1,0,0,0,1,0,Research Scientist,61
3.47,Software Engineering,1,1,0,1,0,1,1,0,1,0,1,1,1,1,0,1,0,1,1,System Analyst,92
3.53,Agriculture,0,0,0,1,0,0,1,0,0,1,1,1,1,0,1,0,0,0,1,Environmental Officer,77
3.71,Economics,0,0,0,0,0,0,0,0,0,0,1,0,0,1,0,0,0,1,1,Policy Analyst,78
4.07,Marketing,0,0,0,1,0,0,0,1,0,0,1,1,1,1,1,0,0,1,1,Business Analyst,93
4.29,Biology,1,0,0,1,0,0,1,0,0,1,1,0,0,0,0,0,0,1,0,Research Scientist,80
3.68,Microbiology,0,0,0,1,0,0,0,1,0,1,1,0,1,1,0,0,0,1,1,Research Scientist,90
3.48,Agriculture,0,0,0,0,0,0,1,0,0,0,1,0,1,0,0,0,1,1,1,Environmental Officer,77
3.5,Business Administration,1,0,0,1,0,0,1,0,0,0,1,0,1,1,0,0,0,1,1,Business Analyst,89
2.52,Accounting,1,0,0,0,0,0,0,1,0,0,1,0,1,1,0,1,0,1,1,Auditor,68
4.43,Law,0,0,0,0,0,0,0,0,0,0,1,0,0,1,0,1,1,1,1,Policy Analyst,95
4.27,Business Administration,0,1,0,0,0,0,1,1,0,0,0,0,1,1,0,1,0,1,0,Project Manager,81
4.3,Agriculture,0,0,0,1,0,0,0,1,0,1,1,1,1,1,0,0,0,0,1,Research Scientist,89
2.81,Microbiology,0,0,0,0,0,0,0,0,0,1,1,0,1,0,0,0,0,0,0,Lab Scientist,58
4.31,Data Science,1,1,0,1,1,0,1,1,0,0,1,0,0,1,0,0,0,1,0,AI Engineer,100
3.26,Cyber Security,1,1,1,1,0,1,1,1,0,0,0,0,0,1,0,0,0,1,1,System Analyst,78
4.45,Education & English,1,0,0,0,0,0,0,0,1,0,1,1,0,1,0,0,0,0,1,Teacher,94
2.55,English Studies,0,0,1,0,0,0,1,0,0,0,1,0,1,1,1,0,1,1,1,Content Strategist,65
3.67,Education & English,0,0,0,0,0,0,0,0,0,0,0,0,0,0,0,0,0,1,0,Content Writer,58
3.5,Forestry,0,0,0,1,0,0,0,0,0,1,0,0,1,0,0,0,1,1,1,Environmental Officer,82
3.64,Physics,0,0,0,1,1,0,0,1,0,0,0,0,1,1,0,0,0,1,0,Data Analyst,81
2.97,Geography & Planning,0,0,0,1,0,0,0,0,0,0,1,0,0,1,1,0,0,1,1,Policy Analyst,70
3.85,Political Science,1,0,1,1,0,0,1,0,0,0,1,0,1,1,0,1,0,1,1,Policy Analyst,84
3.32,Guidance & Counselling,0,0,0,0,0,0,0,1,0,0,1,0,0,1,0,0,0,1,1,Counsellor,73
3.57,Estate Management,0,0,1,0,0,0,0,0,0,0,0,0,0,1,1,1,0,1,1,Property Manager,78
2.29,Cyber Security,1,0,0,1,0,1,1,0,0,1,0,0,1,1,0,0,0,0,0,Security Analyst,50
3.3,Physics,0,0,0,1,0,0,0,0,0,1,1,0,1,1,0,0,0,1,0,Lab Scientist,66
3.15,Education & English,0,0,0,0,0,0,0,0,0,0,1,0,0,1,0,1,0,1,0,Content Writer,58
2.17,Cyber Security,1,0,0,1,0,0,1,1,0,0,1,0,1,0,0,0,0,0,1,Cybersecurity Analyst,52
4.83,Estate Management,0,1,0,0,0,0,0,0,0,0,1,0,1,0,0,0,1,1,1,GIS Specialist,86
3.25,Education & English,0,0,0,1,0,0,0,0,0,0,1,0,0,1,0,0,0,1,0,Teacher,61
3.22,English Studies,0,0,0,0,0,1,0,0,0,0,1,0,1,1,0,0,0,1,0,Legal Researcher,70
4.32,Cyber Security,0,0,1,0,0,1,1,0,0,1,1,0,0,1,0,0,0,1,0,Security Analyst,82
3.31,Biology,0,0,0,1,0,0,0,0,0,1,1,0,1,1,0,0,1,1,0,Environmental Officer,69
2.63,Psychology,0,0,0,0,0,0,0,0,0,0,1,0,1,1,0,0,0,1,1,Social Analyst,58
4.12,Statistics,1,1,1,1,0,0,1,1,0,0,0,0,0,1,0,1,1,0,1,Data Analyst,87
3.58,Microbiology,1,0,0,1,1,0,0,1,0,1,1,0,0,0,1,0,0,1,1,Research Scientist,80
3.99,Physics,1,0,0,0,0,0,0,1,0,0,1,0,1,1,0,1,0,1,1,Data Analyst,86
4.63,Chemistry,0,0,0,0,1,0,0,1,0,1,1,0,1,1,0,0,0,1,1,Lab Scientist,91
3.6,Biochemistry,1,0,0,0,0,0,0,0,0,1,0,0,0,1,0,0,0,1,1,Lab Scientist,79
3.09,Estate Management,0,0,0,1,0,0,0,0,0,0,0,0,1,0,0,0,1,1,1,GIS Specialist,67
3.22,Business Administration,0,0,1,0,1,0,0,0,0,0,1,0,1,1,1,0,0,1,1,Marketing Specialist,71
3.97,Microbiology,0,0,0,1,1,0,0,0,0,1,1,0,0,1,0,0,0,1,1,Research Scientist,88
4.49,Banking & Finance,0,1,0,0,1,0,0,1,0,0,0,0,1,1,1,1,1,1,1,Financial Analyst,94
4.07,Sociology,0,0,0,1,1,0,0,0,0,0,1,0,1,1,1,0,0,1,1,Policy Analyst,92
2.77,Banking & Finance,0,0,1,1,1,0,0,0,0,0,0,0,0,1,0,1,0,1,1,Investment Analyst,74
3.7,Education & English,0,0,0,0,1,0,0,0,0,0,1,1,1,1,0,0,0,0,1,Teacher,81
3.37,Education & Biology,1,0,0,1,1,0,0,0,0,1,1,0,0,0,0,0,0,1,0,Research Scientist,72
3.06,Mass Communication,0,0,1,1,0,0,0,0,0,0,1,0,0,1,0,0,0,1,0,Content Writer,65
2.33,Law,1,1,0,1,0,0,1,0,0,0,1,0,1,1,1,1,0,1,1,Policy Analyst,68
2.4,Marketing,0,0,0,1,0,0,0,0,1,0,1,0,1,1,1,0,0,0,0,Content Strategist,62
3.75,Banking & Finance,0,0,0,1,0,0,0,1,0,0,0,1,1,1,0,1,0,0,0,Accountant,72
3.21,Forestry,0,0,0,0,0,0,0,0,0,0,1,0,1,0,0,0,1,0,0,GIS Specialist,61
4.39,Guidance & Counselling,0,0,0,0,0,0,0,0,0,0,1,0,0,1,1,0,0,1,0,Social Analyst,77
3.95,Forestry,0,0,1,0,0,0,0,0,0,0,1,0,1,1,0,0,0,1,0,Agricultural Officer,73
4.86,Psychology,0,0,0,0,0,0,0,1,0,0,1,0,0,1,0,0,0,1,1,Social Analyst,95
3.51,Chemistry,0,0,0,0,1,0,0,0,0,1,1,0,0,0,0,0,0,1,1,Lab Scientist,88
4.31,Microbiology,0,0,0,0,0,0,0,0,0,1,1,0,0,1,0,0,0,0,1,Public Health Officer,75
3.86,Education & Biology,0,0,0,0,0,0,0,0,0,1,1,1,0,1,0,0,0,1,0,Lab Scientist,72
3.74,Psychology,0,0,1,0,0,0,0,0,0,0,1,0,0,1,0,0,0,1,0,Social Analyst,67
3.99,Political Science,1,0,0,0,0,0,0,0,1,0,1,0,1,1,0,1,0,1,0,Policy Analyst,83
3.27,Computer Science,1,0,1,1,1,0,1,1,1,0,0,0,0,1,0,0,1,1,0,AI Engineer,79
2.63,Computer Science,1,1,0,1,1,0,0,1,0,0,1,0,0,1,0,0,1,1,0,Data Scientist,68
3.04,Statistics,0,0,0,1,0,0,0,0,0,1,1,1,1,0,0,0,0,1,1,Research Scientist,73
2.72,Law,0,0,0,0,0,0,0,0,0,0,1,0,0,1,0,1,0,1,0,Legal Researcher,51
3.26,Cyber Security,1,1,1,1,0,0,0,1,1,0,0,0,1,1,0,0,1,1,0,System Analyst,72
3.2,Chemistry,0,0,0,1,0,0,1,1,0,1,1,0,0,1,0,0,0,1,0,Chemist,66
3.52,English Studies,0,0,0,0,0,0,0,0,1,0,0,0,1,1,1,0,0,1,0,Content Strategist,68
3.27,Accounting,0,0,0,1,1,0,0,1,0,0,1,0,1,1,0,1,0,1,0,Financial Analyst,75
3.76,Biochemistry,1,0,0,1,0,0,0,0,0,1,1,0,1,1,0,0,0,1,0,Research Scientist,81
3.22,Education & Biology,1,0,0,0,0,0,0,1,0,1,0,0,0,0,0,0,0,1,1,Research Scientist,68
3.32,Criminology,1,0,0,0,1,1,0,1,0,0,1,0,0,1,0,0,0,1,0,Cybersecurity Analyst,61
4.37,Estate Management,0,0,0,0,0,0,0,1,0,0,0,0,1,0,1,1,0,1,0,Property Manager,80
3.66,Computer Science,1,0,1,1,1,0,0,1,0,0,0,0,0,0,0,0,0,1,1,AI Engineer,87
3.45,Data Science,1,1,0,1,1,0,0,1,0,0,0,0,1,1,0,0,0,1,1,AI Engineer,95
2.85,Accounting,0,0,0,1,0,0,0,0,0,0,0,0,1,1,0,1,0,0,0,Auditor,57
2.93,Education & Biology,1,0,0,1,1,1,1,1,0,0,1,0,0,0,0,0,0,1,1,Research Scientist,73
2.64,Fisheries,0,0,0,0,0,0,0,0,0,1,1,0,1,1,0,0,1,0,0,Environmental Officer,50
3.8,Sociology,0,0,0,1,1,1,0,0,0,0,1,0,0,0,0,1,0,1,0,Policy Analyst,69
2.51,Political Science,0,0,0,0,0,0,0,0,0,0,1,0,1,1,0,1,0,1,1,Policy Analyst,63
3.09,Psychology,1,0,1,1,1,0,0,0,0,1,1,0,0,1,0,0,0,0,0,Research Scientist,66
2.63,Biology,0,1,0,0,0,0,0,0,0,0,0,0,0,1,1,0,0,1,0,Environmental Officer,48
2.73,Chemistry,1,0,0,1,0,0,0,0,0,1,1,0,1,1,0,0,0,1,1,Research Scientist,68
3.79,Education & English,0,0,0,0,0,0,0,0,0,0,0,1,0,0,1,0,0,0,1,Curriculum Developer,75
3.23,Chemistry,0,0,0,1,0,1,0,1,0,1,1,0,0,0,0,0,0,0,0,Lab Scientist,63
3.16,Geography & Planning,0,0,0,1,1,0,0,1,0,0,1,0,1,1,0,0,1,1,1,GIS Specialist,79
2.61,Business Administration,0,0,1,1,0,0,0,0,1,0,0,0,0,1,1,0,0,1,1,Marketing Specialist,64
3.35,Computer Science,0,1,1,1,0,0,0,1,0,1,0,1,1,1,0,0,0,1,1,Software Developer,83
3.66,Data Science,1,0,0,1,1,0,0,1,0,1,1,0,0,0,0,0,0,1,0,Data Analyst,78
3.92,Business Administration,0,0,0,1,1,0,0,1,1,0,0,0,0,1,0,0,0,0,1,Business Analyst,76
3.73,Geography & Planning,1,0,1,0,0,0,0,0,0,0,0,0,1,0,0,0,1,1,0,GIS Specialist,69
2.78,Forestry,0,0,0,1,0,0,0,0,0,1,1,0,0,0,0,0,0,1,1,Agricultural Officer,60
3.98,Political Science,0,0,0,0,0,0,0,0,0,0,1,1,0,1,1,0,0,1,1,Lawyer,77
3.82,Sociology,0,0,0,1,0,0,0,1,1,0,1,1,0,1,1,0,0,1,1,Social Analyst,85
3.99,Economics,0,0,0,1,0,0,1,0,0,1,1,0,1,0,1,1,0,1,0,Economist,82
3.73,Education & Biology,0,0,1,1,1,0,0,0,0,1,0,1,1,0,0,0,0,1,1,Research Scientist,82
2.42,Economics,0,0,0,0,0,0,1,0,0,0,1,0,0,0,0,0,0,1,0,Policy Analyst,43
3.52,Statistics,0,0,0,1,0,0,0,0,0,1,1,1,1,1,1,0,0,1,0,Research Scientist,82
3.69,Marketing,0,0,0,1,0,0,0,1,0,0,0,0,0,0,1,1,0,1,1,Business Analyst,86
2.82,Geography & Planning,0,0,0,0,1,0,0,0,0,0,1,1,1,1,0,0,0,1,1,Policy Analyst,62
3.5,Business Administration,1,0,0,1,0,0,1,1,0,0,0,1,1,1,0,0,0,1,1,Project Manager,83
4.0,Fisheries,0,0,0,1,0,1,0,0,0,1,1,0,1,1,0,0,1,1,0,Environmental Officer,86
4.45,Software Engineering,1,0,0,1,1,1,0,1,0,0,1,0,1,1,0,0,0,1,1,AI Engineer,111
3.68,Software Engineering,1,1,1,1,1,0,0,1,0,0,1,0,1,1,0,0,0,1,1,AI Engineer,98
3.74,Business Administration,0,0,1,1,0,0,0,0,0,0,0,1,1,1,1,1,0,1,0,Project Manager,74
3.54,Mathematics,1,0,0,1,1,0,0,1,0,0,1,0,0,0,1,1,0,1,0,Data Analyst,80
4.49,Computer Science,0,1,0,1,1,0,0,0,0,0,1,0,1,1,0,0,0,1,1,AI Engineer,110
4.67,Business Administration,0,0,1,1,0,0,0,1,1,0,0,0,1,1,1,0,0,1,1,Marketing Specialist,107
4.71,Business Administration,1,0,0,1,0,0,0,1,1,0,0,0,1,1,1,1,0,1,1,Business Analyst,111
3.83,Chemistry,0,0,0,0,0,0,0,0,0,1,1,0,0,0,1,0,0,1,0,Chemist,69
4.0,Geography & Planning,0,0,0,0,0,1,1,0,0,0,1,0,0,0,0,0,1,1,1,Environmental Officer,79
3.61,Law,0,0,0,1,0,0,0,0,1,0,1,1,0,1,0,0,0,1,0,Policy Analyst,68
4.09,History & International Studies,0,0,0,0,0,0,0,1,0,0,1,0,0,0,0,0,0,1,1,Legal Researcher,85
3.34,Marketing,0,0,1,1,0,0,0,0,1,0,1,0,0,1,1,0,0,1,0,Marketing Specialist,73
3.6,Law,0,0,0,1,1,0,0,0,0,0,1,0,0,0,0,0,0,1,0,Legal Researcher,68
3.88,Mass Communication,1,0,0,0,0,0,0,0,1,0,1,0,0,1,1,1,1,1,0,Marketing Specialist,83
3.84,Biology,1,0,0,0,0,0,0,0,0,0,1,0,0,1,0,0,0,1,0,Environmental Officer,73
3.57,Education & Mathematics,1,1,0,0,0,0,0,1,1,0,1,1,1,1,0,0,0,1,0,Teacher,71
3.2,Political Science,1,0,0,1,0,0,1,0,0,0,1,0,0,1,0,0,0,1,1,Lawyer,74
2.66,Criminology,1,0,0,0,1,1,1,0,0,0,0,0,0,1,1,0,0,1,1,Security Analyst,65
4.76,Biology,1,0,0,1,0,0,0,0,0,1,1,0,0,1,0,0,0,1,1,Research Scientist,101
4.34,Estate Management,1,0,0,1,0,0,0,0,0,0,0,0,1,1,0,1,0,1,1,Financial Analyst,95
3.6,Education & Biology,0,0,0,0,0,0,0,0,0,0,0,1,1,1,0,0,0,1,0,Teacher,70
3.24,Physics,0,0,0,1,0,0,0,1,0,1,0,0,1,1,0,0,0,1,0,Research Scientist,72
3.63,Fisheries,1,0,0,1,0,0,0,0,0,1,1,1,0,1,0,1,0,1,0,Research Scientist,78
4.35,Biochemistry,1,0,0,1,0,0,1,0,0,0,1,0,1,0,0,0,0,1,1,Research Scientist,94
2.22,Statistics,1,0,0,1,1,0,0,0,0,1,1,1,1,0,0,0,0,1,1,Research Scientist,75
4.85,English Studies,0,0,0,0,0,0,0,0,0,0,1,0,1,1,0,0,0,1,0,Legal Researcher,88
2.81,Banking & Finance,0,0,0,1,0,0,0,0,0,0,1,0,0,1,0,1,0,1,0,Accountant,57
3.93,Computer Science,0,1,0,1,1,0,0,1,1,0,1,0,0,0,0,1,0,1,1,Data Scientist,91
4.46,Computer Science,1,0,0,1,0,1,0,1,1,0,0,0,1,0,1,1,0,1,1,Data Scientist,100
2.73,Business Administration,0,0,0,1,0,0,0,0,0,0,1,1,1,1,0,0,0,1,0,Project Manager,54
2.96,Chemistry,0,0,0,1,0,0,0,0,0,1,0,0,0,0,0,0,0,1,0,Lab Scientist,52
3.8,Education & Biology,0,1,0,1,0,0,0,1,0,1,1,0,0,1,0,0,0,1,1,Research Scientist,89
2.75,Biology,0,0,0,1,0,0,0,0,0,1,1,0,0,1,0,0,1,1,0,Environmental Officer,55
2.93,Forestry,0,0,0,0,0,0,0,0,1,1,0,0,0,1,0,0,0,1,1,Agricultural Officer,58
3.36,Psychology,1,0,1,0,0,0,0,0,0,0,1,1,0,1,0,0,1,1,1,Social Analyst,78
2.76,Psychology,0,0,0,1,1,0,0,0,0,0,1,0,1,1,1,0,0,1,1,Social Analyst,62
3.87,Mathematics,0,0,0,1,1,0,0,0,0,0,0,0,1,0,0,1,0,1,1,Actuary,79
3.32,Fisheries,0,1,0,0,0,0,0,0,0,0,1,0,1,0,1,0,1,1,0,Fishery Officer,63
3.36,Computer Science,1,1,1,1,1,0,1,0,0,0,0,0,1,1,0,0,0,1,0,Software Developer,81
2.94,Mass Communication,0,0,1,0,0,0,0,0,1,0,1,0,1,1,1,1,0,0,0,Marketing Specialist,61
2.58,Sociology,1,0,0,1,0,0,0,0,0,1,1,0,0,1,0,0,1,0,1,Research Scientist,66
2.49,Accounting,0,0,0,1,1,0,0,1,0,0,1,0,1,0,0,1,0,1,0,Financial Analyst,58
3.81,Guidance & Counselling,0,0,0,1,0,0,0,0,0,0,1,0,1,1,0,0,0,1,1,Counsellor,81
3.57,Estate Management,1,0,0,1,0,0,0,0,0,0,0,0,0,1,0,0,1,1,1,GIS Specialist,69
2.49,Forestry,0,0,0,0,0,0,0,0,0,1,0,0,0,0,0,0,1,0,0,Agricultural Officer,41
2.99,Guidance & Counselling,0,0,0,0,0,0,0,0,0,0,1,1,1,1,0,0,0,1,0,Teacher,63
2.78,Estate Management,0,0,0,0,0,0,0,0,0,0,0,0,0,1,0,0,0,1,1,Property Manager,58
3.0,Biochemistry,0,0,0,1,0,1,0,0,1,0,1,0,0,0,0,0,0,1,1,Chemist,68
2.62,Education & Biology,1,0,0,1,1,1,0,0,0,1,1,1,0,0,0,0,0,0,0,Research Scientist,57
3.32,Accounting,1,0,0,1,1,0,0,1,0,0,1,0,1,0,0,1,0,1,1,Financial Analyst,84
2.75,Physics,1,0,0,1,1,0,0,1,0,1,1,0,1,0,1,0,1,1,0,Research Scientist,64
3.36,Physics,0,0,0,1,0,0,0,0,0,1,1,0,0,0,0,0,0,1,1,Lab Scientist,76
3.57,Computer Science,1,1,0,1,1,1,1,1,0,0,1,0,1,1,0,0,0,1,0,Data Scientist,92
2.54,Biochemistry,0,0,1,1,0,0,0,0,0,1,1,1,1,0,0,0,0,1,1,Lab Scientist,60
3.11,Agriculture,0,0,0,1,1,0,0,0,0,1,1,1,1,1,0,1,0,1,0,Research Scientist,75
3.27,Software Engineering,0,0,0,1,0,1,0,0,1,0,0,0,0,1,0,0,0,1,1,System Analyst,75
2.94,Chemistry,0,0,0,1,1,0,1,0,0,1,1,0,1,1,1,0,0,1,0,Research Scientist,68
3.57,Data Science,1,0,0,1,1,0,0,1,0,0,1,0,1,0,0,0,0,1,1,Data Scientist,86
3.22,Sociology,0,0,0,1,0,0,0,0,0,0,1,1,0,0,0,0,0,1,1,Social Analyst,64
2.49,Software Engineering,1,0,1,1,0,0,0,1,0,0,1,0,1,1,0,0,0,1,0,AI Engineer,64
2.78,Geography & Planning,0,0,0,1,0,0,0,1,0,0,0,0,1,0,0,1,1,1,1,GIS Specialist,63
3.81,Mathematics,0,0,0,1,1,0,0,0,0,0,1,0,0,1,0,1,0,1,1,Actuary,87
3.01,Cyber Security,0,0,0,0,0,1,1,0,0,0,1,0,1,1,0,0,1,1,1,Security Analyst,83
4.06,Estate Management,0,0,0,0,0,0,0,0,1,0,0,0,1,0,1,0,0,0,1,Property Manager,80
2.51,Agriculture,0,0,0,1,0,0,0,0,0,1,1,0,0,0,0,0,0,0,1,Agricultural Officer,50
3.2,Geography & Planning,0,0,0,1,0,0,0,0,1,0,1,0,0,0,0,0,1,1,0,GIS Specialist,64
3.73,Software Engineering,1,1,1,0,0,1,1,0,0,0,1,0,0,1,0,0,0,1,0,Software Developer,81
3.69,Biology,0,0,0,1,0,0,0,1,0,1,1,0,0,1,1,0,0,1,0,Lab Scientist,73
3.66,Accounting,0,0,0,1,0,0,0,1,0,0,1,0,0,1,1,1,0,1,1,Accountant,85
3.31,Education & Biology,1,0,0,0,0,0,0,1,0,1,0,1,0,0,0,0,0,1,0,Research Scientist,56
3.45,Geography & Planning,0,0,0,0,0,0,0,0,0,0,1,0,0,1,0,0,0,1,0,Policy Analyst,68
4.28,Biology,1,0,0,1,1,0,0,0,0,1,1,0,0,0,0,0,0,1,1,Research Scientist,91
2.67,Geography & Planning,0,0,0,1,0,0,1,0,0,0,1,0,1,0,0,0,1,0,1,GIS Specialist,61
4.24,Guidance & Counselling,0,0,0,0,0,0,0,0,1,0,1,1,0,1,0,0,0,1,0,Teacher,78
3.21,Education & English,0,0,0,0,0,0,0,0,0,0,1,1,0,1,0,0,0,1,1,Teacher,78
3.29,Estate Management,0,0,0,0,0,0,0,0,0,0,1,0,1,1,1,1,1,0,0,Property Manager,65
2.44,Education & Mathematics,1,0,0,1,1,0,0,1,0,0,1,0,1,0,0,0,0,1,1,Data Analyst,73
4.72,English Studies,0,0,1,0,0,0,1,0,0,0,1,0,0,1,0,0,0,0,1,Content Writer,93
4.27,Criminology,1,1,0,1,0,1,0,1,0,0,0,0,1,1,0,0,0,1,1,Cybersecurity Analyst,94
4.11,Chemistry,0,0,0,1,0,0,0,0,0,1,1,0,0,1,0,0,0,1,0,Chemist,85
4.0,Sociology,1,0,0,1,0,0,0,0,0,0,1,0,0,1,0,0,0,1,1,Policy Analyst,87
4.04,Criminology,0,0,1,0,1,0,1,1,0,0,1,0,0,1,0,0,0,1,1,Security Analyst,83
3.78,Chemistry,1,0,0,1,0,0,0,0,0,1,1,1,1,1,0,0,0,1,1,Research Scientist,96
3.92,Criminology,0,1,0,0,0,1,1,0,0,0,1,0,1,1,0,0,0,0,1,Security Analyst,81
3.5,English Studies,0,0,0,1,0,0,0,1,0,0,1,1,1,1,0,0,0,1,1,Content Writer,75
2.76,Fisheries,0,0,0,1,1,0,0,0,0,0,1,1,0,1,0,0,0,1,0,Research Scientist,65
2.63,Law,0,0,0,0,0,0,0,0,0,0,1,0,0,1,0,0,0,1,0,Lawyer,51
3.52,Marketing,0,1,1,1,0,1,0,0,1,0,0,0,1,1,1,0,0,1,1,Marketing Specialist,87
3.86,Education & Mathematics,0,1,0,0,0,0,0,0,1,0,0,1,1,1,0,0,0,1,1,Curriculum Developer,81
4.59,Geography & Planning,0,0,0,0,0,0,0,1,0,1,1,0,0,1,0,0,1,1,0,Environmental Officer,82
3.27,Economics,0,0,0,0,0,0,0,0,0,0,0,1,1,1,0,1,0,1,0,Financial Analyst,68
3.78,Software Engineering,1,1,0,1,0,0,1,1,0,0,1,0,1,1,0,0,0,1,1,AI Engineer,92
3.44,Biology,0,0,0,0,0,0,0,1,0,0,1,0,0,1,1,0,1,1,0,Environmental Officer,62
4.59,English Studies,0,0,0,1,0,0,0,1,0,0,1,0,0,1,1,0,0,1,1,Legal Researcher,95
4.13,Data Science,0,0,0,1,1,1,0,1,1,0,1,0,1,1,0,0,0,1,0,Data Analyst,83
3.25,Psychology,1,0,0,1,0,0,0,0,0,0,0,1,0,1,0,0,0,1,0,Counsellor,59
3.09,Psychology,1,0,0,1,0,0,0,0,0,1,1,1,1,1,0,0,0,1,1,Research Scientist,76
3.73,Biochemistry,1,0,0,0,0,0,0,0,0,1,1,1,1,1,0,0,0,0,0,Lab Scientist,75
3.51,Mathematics,1,0,0,1,1,0,0,1,0,0,1,0,1,0,0,1,1,1,1,Data Analyst,91
4.14,Physics,1,0,0,0,0,0,0,0,0,1,1,1,0,1,0,1,0,1,1,Research Scientist,89
3.12,Mass Communication,0,0,1,0,0,0,0,1,0,0,0,0,1,1,1,0,0,1,0,Content Writer,61
2.83,Agriculture,1,0,0,1,0,1,0,1,0,1,1,0,0,0,0,0,0,1,1,Research Scientist,76
4.52,Biochemistry,1,0,0,0,0,0,0,1,0,0,0,0,0,0,1,0,0,1,0,Lab Scientist,78
4.15,Mass Communication,0,0,0,1,0,0,0,0,0,0,1,1,0,1,0,1,0,1,1,Content Writer,83
4.3,Education & Biology,0,0,1,0,0,0,0,0,0,1,1,0,1,1,0,0,0,1,0,Teacher,74
2.62,Psychology,0,0,0,1,1,0,0,0,0,0,1,0,0,1,0,0,0,1,1,Social Analyst,61
4.5,Geography & Planning,0,0,0,1,1,0,1,0,0,0,1,0,0,1,0,0,1,1,0,Policy Analyst,91
3.08,Agriculture,0,0,0,1,0,0,0,0,0,0,0,0,0,1,0,0,0,1,1,Environmental Officer,63
3.17,Forestry,0,0,0,1,1,1,0,1,0,0,1,0,0,0,0,0,1,1,0,GIS Specialist,66
3.68,Economics,0,0,0,1,1,0,1,0,0,0,1,0,1,0,0,1,1,0,1,Financial Analyst,79
2.37,Information Systems,1,0,1,0,0,0,1,1,1,0,1,0,0,0,0,0,0,1,0,Software Developer,55
3.2,Business Administration,1,0,0,0,0,1,0,0,0,0,0,0,1,1,1,0,0,1,0,Project Manager,67
4.35,Forestry,0,0,0,1,0,0,0,1,0,0,1,0,0,0,0,0,0,1,1,GIS Specialist,85
3.7,Data Science,1,0,0,1,1,0,0,1,1,0,1,1,1,1,0,0,0,1,0,Data Analyst,84
3.08,Microbiology,0,0,0,1,1,0,0,0,0,1,1,0,0,1,0,0,0,1,0,Public Health Officer,61
3.81,Fisheries,0,0,0,1,0,0,0,0,0,1,1,1,0,0,0,0,1,1,1,Environmental Officer,87
3.09,Statistics,1,0,0,1,1,0,0,1,0,0,1,0,0,0,0,1,0,1,0,Data Analyst,71
3.04,Political Science,0,0,0,1,0,0,0,0,0,0,1,0,0,0,0,0,0,1,1,Social Analyst,68
3.48,History & International Studies,0,0,0,0,0,0,0,0,0,0,1,0,1,0,0,1,0,1,1,Legal Researcher,67
3.23,Sociology,1,0,0,0,0,0,0,0,0,0,1,0,0,1,0,0,0,1,0,Policy Analyst,58
3.4,Mathematics,0,0,0,1,1,0,0,0,0,0,1,0,0,1,1,0,1,1,0,Data Analyst,76
3.0,Estate Management,0,0,0,1,0,0,0,0,0,0,0,0,1,0,0,1,0,1,1,Financial Analyst,65
3.11,Sociology,0,0,0,1,0,0,0,0,0,1,1,0,1,1,0,0,0,1,0,Policy Analyst,72
4.16,Mass Communication,0,0,1,1,0,0,0,0,0,0,1,1,1,1,1,1,0,0,0,Content Strategist,85
3.22,Education & Biology,0,1,0,0,0,0,0,0,0,1,1,0,0,0,0,0,0,1,1,Lab Scientist,67
3.69,Criminology,1,0,1,1,0,0,0,0,0,0,1,0,0,1,0,0,1,1,0,Policy Analyst,75
3.96,History & International Studies,0,0,0,0,0,0,0,0,0,0,1,0,1,1,0,0,0,1,0,Legal Researcher,73
3.66,Information Systems,1,0,0,1,0,0,0,1,0,0,0,1,1,1,0,0,0,0,1,Software Developer,82
3.6,Cyber Security,0,1,0,1,0,1,1,1,1,1,1,0,1,0,0,0,0,1,0,System Analyst,82
3.62,Accounting,1,0,0,1,0,0,0,0,0,0,0,0,1,1,0,1,0,0,0,Financial Analyst,71
2.37,Data Science,1,0,0,1,1,0,0,0,0,0,1,0,1,1,0,0,0,1,1,AI Engineer,65
2.2,Political Science,0,0,0,1,0,0,0,0,0,0,0,1,1,1,0,0,0,1,0,Social Analyst,49
4.13,English Studies,0,0,0,1,1,0,0,0,0,0,1,0,1,1,1,1,0,1,0,Content Strategist,87
3.89,Mass Communication,0,0,1,1,0,0,0,0,0,0,0,0,0,1,1,0,0,1,1,Content Strategist,87
2.77,Information Systems,1,0,0,1,1,0,0,1,0,0,0,0,0,0,0,1,0,1,0,Data Analyst,67
4.08,Statistics,1,0,0,1,1,0,0,0,0,0,1,0,0,1,0,1,0,1,1,Actuary,96
3.55,Chemistry,0,0,0,1,1,0,0,0,0,1,1,1,0,0,1,0,0,1,0,Chemist,71
4.43,Sociology,0,0,0,1,1,0,0,0,0,1,1,1,0,0,0,0,0,1,0,Research Scientist,93
3.92,Forestry,0,0,0,0,0,0,0,0,0,1,1,0,0,1,0,0,0,0,1,Environmental Officer,81
4.52,Biochemistry,0,0,1,1,1,0,0,1,0,1,1,0,1,1,0,0,0,1,0,Research Scientist,96
2.61,Data Science,1,0,0,0,1,0,1,0,0,0,0,0,0,1,0,0,0,1,1,AI Engineer,68
3.83,Forestry,0,0,0,1,0,0,0,0,0,0,1,1,1,1,0,0,1,0,1,Environmental Officer,82
3.76,Accounting,0,0,0,0,0,0,0,1,0,0,1,0,1,0,0,1,0,1,0,Accountant,81
3.7,Sociology,1,0,0,1,0,0,0,0,0,1,1,0,0,1,0,0,1,1,0,Research Scientist,79
3.21,Law,0,0,0,1,0,0,0,0,0,0,1,1,0,1,0,0,0,1,0,Legal Researcher,64
3.33,Marketing,0,0,0,1,0,0,0,0,1,0,0,1,1,0,1,0,0,1,1,Content Strategist,76
3.45,Estate Management,0,0,0,1,0,0,0,0,1,0,1,0,0,0,0,0,1,1,0,GIS Specialist,70
3.9,History & International Studies,0,0,1,0,0,0,0,0,0,0,1,0,1,1,0,0,0,1,1,Legal Researcher,80
2.7,Chemistry,1,0,0,1,1,0,0,1,0,1,1,0,0,1,0,0,0,1,0,Research Scientist,64
4.46,History & International Studies,0,0,0,1,0,0,0,0,0,0,1,0,0,1,1,0,0,1,1,Legal Researcher,91
3.29,Microbiology,0,0,0,1,0,0,0,0,0,1,1,0,1,0,0,0,0,1,1,Lab Scientist,69
2.9,Statistics,1,0,0,1,0,0,1,1,1,0,1,0,1,1,0,0,0,1,1,Data Analyst,80
3.06,Sociology,0,0,0,0,1,0,0,1,0,1,1,0,1,0,0,0,0,0,1,Research Scientist,70
3.62,History & International Studies,0,0,0,0,0,0,0,0,0,0,1,0,0,1,0,0,1,0,1,Historian,74
3.36,Chemistry,0,0,0,0,0,0,0,0,0,1,1,1,0,0,0,0,0,1,0,Chemist,66
3.69,Political Science,0,0,0,0,0,0,0,0,0,0,1,0,0,1,0,0,0,1,0,Lawyer,68
3.53,History & International Studies,0,0,0,0,0,0,0,0,0,0,1,0,1,0,0,0,0,0,1,Historian,59
3.99,Statistics,1,0,0,0,1,0,0,0,0,1,1,1,0,1,0,0,0,0,1,Research Scientist,82
3.1,Law,0,0,0,0,1,0,0,0,0,1,1,0,0,1,1,0,0,1,1,Lawyer,68
2.61,Criminology,1,1,0,0,0,1,1,1,1,0,0,0,0,1,0,0,0,1,0,Cybersecurity Analyst,59
2.77,Software Engineering,1,1,1,1,0,0,0,1,1,0,1,0,1,1,0,0,0,1,0,Software Developer,75
2.18,Data Science,0,0,0,0,1,0,1,1,0,0,1,0,0,1,0,0,0,1,1,AI Engineer,63
4.02,Economics,1,0,0,0,0,0,0,1,0,0,0,0,0,1,0,1,0,1,1,Financial Analyst,86
3.51,Computer Science,1,0,0,1,1,0,1,0,0,0,1,0,1,1,0,0,0,1,0,AI Engineer,87
3.31,Political Science,0,0,0,0,0,0,1,0,0,0,1,0,1,1,0,1,0,1,0,Lawyer,74
3.98,Fisheries,0,0,0,1,0,0,0,0,0,1,1,0,0,1,0,0,0,1,1,Research Scientist,88
2.51,Fisheries,0,0,0,0,0,0,0,0,0,0,1,0,0,1,0,0,1,0,1,Environmental Officer,59
2.3,Sociology,0,0,0,1,1,0,1,0,0,0,1,0,1,1,0,0,0,1,1,Policy Analyst,68
3.59,Accounting,0,0,0,1,0,0,0,1,0,0,0,0,0,1,0,1,0,1,1,Auditor,76
4.09,Economics,0,1,0,1,0,0,0,0,0,0,0,0,0,1,0,1,0,1,0,Economist,76
3.78,Data Science,1,1,0,0,0,0,0,1,0,0,0,0,1,1,0,1,0,1,0,Data Scientist,85
4.11,Data Science,1,1,1,0,0,0,0,1,0,0,0,0,0,0,0,0,0,1,1,Data Scientist,84
3.56,Estate Management,0,0,0,1,0,0,0,0,0,0,1,0,0,1,0,1,0,1,0,Financial Analyst,71
3.72,Data Science,1,1,0,1,1,0,0,1,0,0,1,1,1,0,0,0,0,1,1,AI Engineer,99
3.25,Fisheries,1,0,0,1,0,0,0,0,0,1,0,1,1,1,0,0,0,1,0,Research Scientist,74
3.06,Business Administration,0,0,0,1,0,1,0,1,0,0,1,0,1,1,1,1,0,1,0,Project Manager,62
2.69,Law,0,0,0,0,0,0,0,0,0,0,1,0,0,1,0,0,0,1,1,Lawyer,65
4.48,Biology,1,0,0,1,1,0,0,0,0,1,1,0,1,0,0,0,0,1,1,Research Scientist,96
3.48,Banking & Finance,0,0,0,1,0,1,0,1,0,0,0,1,1,1,0,0,0,1,1,Accountant,75
3.57,Guidance & Counselling,0,0,1,0,1,0,0,0,0,0,0,1,0,1,0,0,0,1,1,Teacher,79
4.61,Biology,0,0,0,0,0,0,0,0,0,1,1,0,0,0,1,0,1,0,0,Environmental Officer,80
4.06,Education & Biology,0,0,0,1,0,0,1,0,0,1,0,0,0,0,0,0,0,1,1,Lab Scientist,78
3.23,Accounting,0,0,0,1,0,0,0,1,0,0,1,0,1,1,0,1,0,1,1,Accountant,82
2.89,Business Administration,0,0,1,1,0,0,0,0,0,0,0,0,0,1,1,0,0,1,0,Marketing Specialist,64
3.6,Data Science,1,0,1,1,0,0,0,1,1,0,0,0,1,0,0,0,0,1,0,Data Analyst,75
3.72,Estate Management,1,0,0,1,1,0,0,1,0,0,0,0,1,1,0,1,0,1,0,Financial Analyst,81
3.93,Political Science,0,0,0,0,0,0,0,1,0,0,1,0,1,1,0,0,0,1,1,Social Analyst,84
3.64,Software Engineering,1,1,1,1,0,0,0,0,0,0,0,0,1,0,0,0,0,1,1,System Analyst,83
3.46,Physics,1,0,0,1,1,0,1,1,0,0,1,0,0,0,0,0,0,0,0,Data Analyst,70
4.45,Psychology,0,0,1,1,0,0,0,0,1,0,1,0,0,1,0,0,0,1,1,Social Analyst,90
4.39,Statistics,1,0,0,1,0,0,0,0,0,1,1,1,1,1,0,0,1,1,1,Research Scientist,109
3.49,Statistics,0,0,0,1,0,0,0,0,0,0,1,0,1,1,0,1,0,1,1,Actuary,78
3.69,Cyber Security,0,0,1,1,1,1,0,1,0,0,0,0,0,1,0,0,0,0,1,Cybersecurity Analyst,77
2.38,English Studies,0,0,1,0,0,0,0,1,0,0,0,0,1,1,1,0,0,1,0,Content Writer,48
4.3,Microbiology,1,1,0,1,0,0,0,0,0,1,1,0,0,1,1,0,0,1,1,Public Health Officer,91
3.69,Cyber Security,1,0,0,0,0,0,1,0,1,0,0,0,1,0,0,1,0,1,0,Security Analyst,74
3.29,Sociology,0,0,0,0,0,0,0,0,0,0,0,0,1,1,0,0,0,1,1,Policy Analyst,60
3.59,Statistics,1,0,0,1,1,1,0,0,0,0,1,0,1,0,0,0,1,1,1,Research Scientist,86
3.25,Mass Communication,1,0,0,0,0,0,0,0,0,0,1,0,0,1,0,0,0,1,1,Content Writer,68
3.32,Computer Science,1,0,0,1,1,1,1,1,0,0,1,0,0,0,0,0,0,1,0,AI Engineer,79
2.39,Fisheries,0,0,0,0,0,0,0,1,0,0,1,0,1,0,0,0,0,1,1,Environmental Officer,53
2.46,Guidance & Counselling,0,0,0,0,1,0,0,0,0,0,1,1,1,1,0,0,0,1,0,Teacher,56
3.46,Microbiology,0,0,1,0,0,0,0,0,0,1,1,1,0,0,0,0,0,0,0,Lab Scientist,69
4.33,Business Administration,0,0,0,1,0,0,0,1,0,0,1,0,1,1,0,0,0,1,1,Business Analyst,95
3.8,Education & Mathematics,0,0,0,1,1,0,0,1,1,0,1,0,0,1,0,1,0,1,0,Data Analyst,86
4.45,Geography & Planning,1,0,0,1,0,0,0,0,0,0,1,0,1,1,0,0,0,1,0,Policy Analyst,96
2.44,Fisheries,0,0,0,1,0,0,0,0,0,1,1,0,0,0,0,0,0,1,1,Fishery Officer,53
2.67,English Studies,0,0,0,1,0,0,0,1,1,0,1,1,0,1,1,0,0,1,1,Content Strategist,71
2.39,Cyber Security,0,1,1,1,0,0,1,1,1,0,1,0,0,0,0,1,0,1,0,System Analyst,62
2.29,Agriculture,0,0,0,1,0,1,0,0,0,1,1,0,0,0,0,0,0,1,1,Environmental Officer,51
3.93,English Studies,0,0,0,0,0,0,0,0,0,0,1,0,1,1,1,0,0,1,0,Legal Researcher,71
3.78,Forestry,0,1,0,1,0,0,1,1,0,0,0,0,0,0,0,0,1,0,1,GIS Specialist,69
4.22,Information Systems,1,0,1,1,1,1,1,1,0,1,0,0,1,0,0,0,0,0,1,Software Developer,95
3.17,Mass Communication,0,1,0,1,0,0,1,0,1,0,0,1,0,1,1,1,0,1,1,Marketing Specialist,73
2.43,Economics,1,0,0,1,0,1,1,1,0,0,1,0,0,1,0,1,0,1,0,Financial Analyst,55
2.52,History & International Studies,0,0,0,0,0,0,0,0,0,0,1,1,0,0,0,0,1,1,1,Legal Researcher,60
3.68,Criminology,1,0,0,0,1,1,1,0,0,1,1,1,0,1,1,0,0,1,1,Security Analyst,89
3.51,Computer Science,1,0,1,0,1,0,1,1,1,0,1,0,1,0,0,0,0,1,1,Data Scientist,87
3.25,Estate Management,0,0,1,1,0,0,0,0,1,0,1,0,0,1,0,0,1,1,0,GIS Specialist,68
4.76,Psychology,0,0,0,1,1,0,0,0,0,0,1,0,1,1,0,0,0,1,0,Social Analyst,94
2.13,Biochemistry,0,0,0,1,0,0,0,0,0,1,1,0,0,0,0,0,0,1,1,Lab Scientist,57
4.4,Chemistry,0,0,0,1,1,1,0,1,0,1,1,0,1,1,0,1,0,1,1,Chemist,93
2.92,Education & Mathematics,1,0,0,1,0,0,0,0,0,0,0,1,1,1,0,0,0,1,1,Curriculum Developer,71
2.86,Psychology,0,0,0,1,0,0,0,0,0,0,1,0,0,1,0,0,0,1,0,Social Analyst,58
3.31,Physics,0,0,0,1,0,0,0,1,0,1,1,0,0,0,0,0,0,1,0,Research Scientist,62
3.36,Guidance & Counselling,0,0,0,1,0,0,0,0,0,0,1,1,0,1,0,1,0,1,1,Counsellor,64
3.94,Guidance & Counselling,0,0,0,0,0,0,0,0,0,0,1,0,0,1,0,0,0,1,0,Social Analyst,77
3.07,Sociology,1,0,0,1,0,0,0,0,0,0,1,1,0,1,0,0,0,1,0,Policy Analyst,64
4.83,Sociology,1,0,0,1,0,0,0,0,0,0,0,1,0,1,0,0,1,1,0,Research Scientist,91
4.08,Psychology,0,0,0,1,0,0,0,0,0,1,1,0,1,1,0,0,0,1,0,Research Scientist,93
3.84,Forestry,0,0,0,0,0,0,0,0,0,1,1,0,1,1,0,0,1,1,1,Environmental Officer,82
3.74,Education & Mathematics,0,0,1,0,0,0,0,0,0,0,0,1,1,0,0,0,0,1,0,Curriculum Developer,73
4.28,Education & Biology,0,0,0,1,0,1,0,1,0,1,0,0,0,0,0,0,0,1,1,Research Scientist,75
2.87,Mass Communication,0,0,0,0,0,0,0,0,0,0,0,0,0,1,1,0,1,1,0,Content Writer,52
2.08,Mass Communication,0,0,0,0,0,0,0,0,0,0,1,0,0,1,0,0,0,1,1,Content Writer,53
3.75,Biology,0,0,0,0,1,0,0,1,0,0,1,0,1,0,0,0,0,1,0,Lab Scientist,69
4.58,Forestry,0,0,0,1,0,0,0,0,0,0,1,1,0,1,0,0,0,1,1,Environmental Officer,92
3.72,Statistics,1,0,0,0,1,0,0,1,0,0,1,0,0,1,0,1,0,0,1,Data Analyst,83
3.75,Statistics,1,0,0,1,0,0,0,0,0,0,1,0,0,1,0,1,0,1,1,Actuary,85
3.5,Education & Biology,0,1,0,0,0,0,0,0,0,1,0,0,0,1,0,0,0,1,0,Teacher,63
3.11,Mathematics,0,0,0,1,0,0,0,0,0,1,1,0,1,1,0,0,0,0,1,Research Scientist,80
4.16,Data Science,0,0,0,1,0,0,0,1,1,0,1,0,1,1,1,1,0,0,0,Data Analyst,85
2.84,Information Systems,0,0,0,0,0,0,0,1,1,0,1,0,0,1,0,0,0,1,0,Data Analyst,54
4.7,Law,0,0,0,0,0,0,0,0,0,0,0,0,1,1,0,0,0,1,0,Lawyer,82
4.28,Law,1,0,0,1,0,0,0,0,0,0,1,0,1,1,0,1,0,1,1,Lawyer,93
2.22,Banking & Finance,0,0,0,1,1,0,0,0,0,0,0,0,0,1,1,1,0,1,1,Investment Analyst,57
3.67,Cyber Security,1,0,1,1,0,0,1,1,0,0,1,0,0,0,1,0,0,1,1,System Analyst,80
3.45,Political Science,0,0,0,1,0,0,0,1,0,0,1,0,1,1,0,0,0,1,0,Lawyer,73
2.79,Biology,0,0,0,1,0,0,0,0,0,0,1,0,0,1,0,0,0,0,1,Lab Scientist,59
3.63,Marketing,0,0,1,0,0,0,0,0,1,0,0,0,1,1,0,0,0,1,1,Marketing Specialist,78
3.4,Agriculture,1,0,0,1,0,0,0,0,0,1,1,0,1,1,1,1,0,1,0,Research Scientist,81
2.19,Guidance & Counselling,0,0,0,0,0,0,1,0,0,0,0,0,1,1,0,0,0,1,1,Counsellor,60
4.14,Agriculture,1,0,0,0,0,0,0,0,0,1,1,1,1,1,0,1,0,1,1,Research Scientist,92
3.36,Law,0,1,1,1,0,1,0,0,0,0,1,0,1,1,1,0,0,1,0,Policy Analyst,75
3.13,Biochemistry,0,0,0,1,0,0,0,0,0,1,1,1,0,1,0,0,0,1,1,Research Scientist,77
3.62,Microbiology,0,0,0,1,0,0,0,1,0,1,1,0,1,1,0,0,0,1,1,Public Health Officer,85
2.34,Computer Science,1,0,1,1,1,0,0,0,0,0,1,1,1,0,0,0,0,0,1,AI Engineer,60
4.66,Biochemistry,0,0,0,1,0,0,0,0,0,1,1,0,1,1,0,0,0,1,1,Research Scientist,93
3.68,Mass Communication,0,0,0,1,0,0,0,0,0,0,1,1,0,1,1,0,0,1,0,Content Writer,77
4.17,Fisheries,0,0,0,1,1,0,0,0,0,1,1,0,0,0,0,0,0,1,0,Research Scientist,82
2.32,Political Science,0,0,0,0,0,0,0,0,0,1,0,0,1,1,0,1,0,1,1,Lawyer,53
3.5,Political Science,0,0,0,0,0,0,1,0,0,0,0,0,0,0,0,0,0,1,0,Lawyer,50
3.44,Law,0,0,0,0,0,1,0,0,0,0,1,0,0,1,1,0,0,1,1,Lawyer,75
2.9,Marketing,0,0,0,1,1,0,1,1,0,0,0,0,1,1,0,0,0,1,0,Business Analyst,62
3.94,Information Systems,1,1,1,1,0,0,0,1,0,0,1,0,1,1,0,0,0,0,0,Software Developer,87
3.36,Fisheries,0,0,0,1,0,0,0,0,0,0,0,1,0,1,0,0,0,0,1,Environmental Officer,62
3.94,Cyber Security,1,0,0,1,0,1,1,1,0,1,0,0,0,1,0,0,0,0,1,Security Analyst,83
2.25,Education & Biology,0,0,1,0,0,0,1,0,0,1,1,0,0,1,0,0,0,1,1,Lab Scientist,56
3.83,Forestry,0,0,0,1,0,0,0,0,0,1,1,0,0,1,1,0,1,1,0,Environmental Officer,74
3.66,Data Science,0,0,0,0,1,0,0,0,0,0,1,0,0,1,0,0,0,1,0,AI Engineer,70
3.79,Mass Communication,0,0,0,0,0,1,0,0,0,0,1,0,0,1,1,0,1,1,1,Content Writer,84
3.13,Information Systems,1,1,1,0,0,0,0,0,0,0,0,0,0,1,0,0,0,1,1,Software Developer,78
2.98,Business Administration,0,0,1,1,0,0,0,0,1,0,1,0,1,1,1,0,0,1,0,Business Analyst,68
3.64,Biology,0,0,0,0,0,0,0,0,0,1,1,0,0,1,0,0,0,0,1,Environmental Officer,70
3.66,Statistics,1,1,0,1,1,0,0,1,1,0,1,0,0,1,0,1,0,1,1,Data Analyst,89
2.82,Software Engineering,1,0,1,0,0,0,1,1,1,0,0,0,0,1,0,1,0,1,0,Software Developer,58
2.59,Cyber Security,0,0,1,0,1,0,1,1,0,0,1,0,1,0,0,0,0,1,0,System Analyst,64
4.02,Chemistry,0,0,0,1,0,0,0,0,0,1,1,0,0,0,0,0,0,1,0,Lab Scientist,80
3.03,History & International Studies,0,0,0,0,0,0,0,0,0,0,1,1,1,1,0,0,0,1,0,Historian,64
2.8,Chemistry,0,0,0,1,1,0,0,0,0,1,1,1,0,1,0,0,0,1,0,Lab Scientist,64
3.14,Criminology,1,1,1,1,0,1,1,1,1,0,1,0,0,1,0,0,0,1,1,Cybersecurity Analyst,87
3.86,Education & Mathematics,0,0,0,0,0,0,0,0,0,0,0,1,1,1,0,0,1,1,1,Curriculum Developer,81
2.99,Agriculture,0,0,0,0,0,0,0,0,0,1,0,1,1,1,0,0,0,1,1,Agricultural Officer,63
4.05,Business Administration,0,0,0,0,0,0,0,0,0,0,0,0,1,1,1,1,0,1,1,Marketing Specialist,87
2.74,Biochemistry,1,0,0,1,0,0,0,0,0,1,1,0,1,1,0,1,1,1,1,Research Scientist,76
3.25,Agriculture,0,0,0,1,0,0,1,0,0,0,1,1,1,1,0,0,1,1,1,Agricultural Officer,73
2.78,English Studies,0,0,0,0,0,0,0,0,1,0,0,0,0,1,0,0,0,1,1,Content Writer,58
3.99,Biochemistry,1,0,0,1,0,0,0,0,0,1,1,0,1,1,0,0,0,1,1,Research Scientist,89
4.32,Biology,0,1,0,0,0,0,0,1,0,1,1,0,0,0,0,0,0,1,1,Lab Scientist,90
2.77,Information Systems,1,0,0,1,0,0,1,1,0,0,1,0,1,0,0,0,0,1,0,Data Analyst,63
4.17,Computer Science,1,1,1,1,0,1,1,1,0,0,0,0,1,1,0,0,0,1,0,Cybersecurity Analyst,93
3.5,Forestry,0,0,0,1,0,0,0,0,0,1,1,0,1,1,0,1,1,1,1,Environmental Officer,81
2.42,Mathematics,0,0,0,0,1,0,0,1,0,1,0,0,0,1,0,1,0,1,1,Actuary,56
3.5,Mass Communication,0,0,0,1,0,0,0,0,1,0,1,0,1,1,1,0,0,0,1,Marketing Specialist,85
3.12,History & International Studies,0,0,0,1,0,0,0,0,1,0,0,0,1,1,0,0,0,0,0,Historian,53
2.27,Information Systems,1,1,1,0,0,0,0,1,0,0,1,0,1,0,0,0,0,1,0,Software Developer,57
2.71,Economics,0,0,0,0,0,0,0,0,0,0,1,1,0,0,0,1,0,1,0,Policy Analyst,46
3.63,Banking & Finance,1,0,0,1,0,0,0,0,0,1,0,0,0,1,1,1,1,1,0,Financial Analyst,66
3.67,Information Systems,1,1,1,0,0,0,1,1,1,1,0,0,1,0,0,0,0,0,0,Software Developer,83
2.22,Forestry,0,0,0,1,0,0,0,0,0,1,1,0,1,1,0,0,0,1,0,Environmental Officer,48
4.13,Education & English,0,0,0,0,0,0,0,0,1,0,1,0,0,1,0,0,0,1,1,Content Writer,78
3.74,Economics,0,0,0,1,1,0,0,1,0,0,0,0,1,0,0,1,0,1,1,Financial Analyst,79
2.89,Agriculture,0,0,0,1,1,0,1,1,1,1,0,0,1,0,0,0,0,0,0,Research Scientist,67
3.83,Software Engineering,1,0,0,0,1,1,1,1,0,0,0,1,1,0,0,0,0,1,0,System Analyst,80
3.61,Education & Mathematics,0,0,0,0,0,0,0,0,0,0,1,1,1,0,0,1,0,0,1,Curriculum Developer,72
2.96,Geography & Planning,1,0,0,0,0,0,0,0,0,0,1,0,0,1,0,0,0,0,0,Policy Analyst,59
2.61,Banking & Finance,1,0,1,1,0,0,0,0,0,0,1,0,0,1,0,1,0,0,0,Accountant,51
2.34,Statistics,0,0,0,0,1,0,0,1,1,0,1,0,0,1,0,1,0,0,0,Actuary,46
2.15,Mathematics,1,0,1,1,0,0,0,1,0,0,1,0,1,1,0,1,0,1,0,Data Analyst,56
3.35,Information Systems,1,1,0,0,0,0,0,1,1,0,1,0,1,1,0,0,0,1,1,Software Developer,78
3.63,Cyber Security,0,1,1,0,1,1,1,0,0,0,0,0,0,1,1,0,0,1,0,Cybersecurity Analyst,78
3.04,Political Science,0,0,0,0,0,0,0,1,0,0,1,0,1,0,0,0,0,1,1,Lawyer,64
4.68,Law,0,0,0,0,0,0,0,0,0,0,1,1,1,1,1,0,0,1,1,Lawyer,98
4.75,Education & English,0,0,0,0,0,0,0,0,0,0,0,1,1,1,0,1,0,0,0,Teacher,87
3.15,Mathematics,1,0,0,1,0,0,0,1,1,0,1,0,1,1,0,1,0,0,1,Data Analyst,76
3.52,Software Engineering,1,1,1,1,0,0,0,0,0,1,1,0,1,0,0,0,0,1,1,AI Engineer,89
4.68,Accounting,0,0,0,1,0,0,0,1,0,0,1,0,0,1,1,1,0,1,0,Financial Analyst,92
3.93,Data Science,0,1,0,1,1,0,0,1,0,0,1,0,0,1,0,0,0,1,1,Data Analyst,96
3.1,Education & English,0,0,0,0,1,0,0,0,0,0,1,1,0,1,1,0,0,1,0,Curriculum Developer,61
3.71,Geography & Planning,0,0,1,1,0,0,0,0,0,0,1,0,0,1,1,0,0,1,1,Policy Analyst,85
2.88,Business Administration,0,0,0,0,0,0,0,0,0,1,0,0,1,1,0,1,0,1,1,Business Analyst,77
4.36,Education & Mathematics,0,0,0,0,0,0,0,0,0,0,0,1,1,1,0,0,0,1,1,Curriculum Developer,91
3.43,Mass Communication,0,0,0,0,0,0,0,0,1,0,1,0,0,0,1,0,0,1,1,Marketing Specialist,73
2.67,Agriculture,1,0,0,0,1,0,0,0,0,1,1,0,1,1,0,0,1,1,1,Environmental Officer,66
4.85,Fisheries,1,0,0,1,1,0,0,1,0,1,1,0,0,1,0,0,0,1,1,Research Scientist,112
3.63,Computer Science,1,1,0,1,1,0,0,1,0,0,0,0,1,1,0,0,0,0,0,Data Scientist,81
3.47,Business Administration,0,0,0,1,1,0,0,0,1,0,0,0,0,1,1,1,0,1,1,Marketing Specialist,80
3.68,Marketing,0,0,1,0,0,0,0,0,1,0,0,0,1,1,1,1,0,1,0,Content Strategist,80
4.52,Law,1,0,0,1,0,0,0,0,0,0,1,0,1,1,1,1,0,1,0,Lawyer,88
3.88,English Studies,0,0,1,1,0,0,0,0,1,0,0,1,0,1,1,0,0,1,1,Content Writer,75
4.74,Biochemistry,0,0,0,0,0,0,0,0,0,1,1,0,0,0,0,0,0,0,0,Chemist,75
2.89,Psychology,0,0,0,1,0,0,0,1,0,1,1,0,0,0,0,0,0,1,1,Research Scientist,79
3.94,Education & Biology,0,0,0,1,0,0,0,0,0,0,1,1,1,1,0,0,0,1,0,Teacher,80
3.81,Microbiology,0,0,0,1,0,0,0,0,0,0,1,0,1,1,0,0,0,1,1,Public Health Officer,81
3.57,Business Administration,0,0,0,1,0,0,0,0,1,0,0,0,1,1,0,0,0,1,1,Business Analyst,77
3.38,Fisheries,0,0,0,1,1,0,0,1,0,1,0,0,0,1,0,0,1,1,1,Environmental Officer,75
4.15,Physics,1,0,0,1,1,0,1,1,1,0,1,0,1,1,0,0,0,0,0,Data Analyst,89
3.48,Law,1,0,0,1,0,1,0,0,0,0,1,1,1,0,0,0,0,1,1,Policy Analyst,83
2.64,Statistics,1,0,0,1,1,0,0,0,0,0,1,0,1,0,0,0,1,1,1,Data Analyst,71
3.0,Fisheries,1,0,0,1,0,0,0,1,0,1,1,1,1,0,0,0,0,0,0,Research Scientist,70
3.88,Microbiology,0,0,0,1,0,0,0,1,0,1,1,0,0,0,0,0,0,0,1,Lab Scientist,77
4.0,Political Science,0,0,0,1,0,0,0,0,0,0,0,0,1,1,0,0,0,1,1,Policy Analyst,84
3.77,Information Systems,1,1,1,0,1,0,0,1,1,0,1,0,1,0,0,0,0,1,0,Software Developer,75
3.66,Computer Science,1,0,0,1,1,0,0,1,0,0,1,0,0,1,1,0,1,0,1,Data Scientist,88
3.35,Education & Biology,0,0,0,1,0,0,0,0,0,1,1,0,1,1,0,0,0,1,0,Lab Scientist,70
4.4,Economics,0,0,1,1,1,0,0,0,0,0,1,1,1,0,1,1,0,1,0,Economist,85
4.17,Sociology,0,0,0,1,1,0,0,1,0,0,1,0,1,1,1,0,0,1,1,Policy Analyst,94
4.23,Education & Mathematics,0,0,0,0,0,1,0,0,0,1,0,1,1,1,0,0,0,1,1,Curriculum Developer,85
3.56,Estate Management,0,0,0,1,0,0,1,0,1,0,1,0,0,0,0,0,1,0,1,GIS Specialist,79
3.49,Software Engineering,1,1,1,1,0,0,0,1,0,0,1,0,1,1,0,0,0,1,0,System Analyst,80
2.89,Physics,1,0,0,1,0,0,0,0,0,1,1,1,1,1,0,0,0,0,0,Lab Scientist,59
3.56,English Studies,0,0,1,0,0,0,0,0,0,0,0,0,1,1,1,1,0,0,0,Content Strategist,67
3.34,Physics,0,0,0,0,0,0,0,0,0,1,1,1,1,1,0,0,0,1,0,Lab Scientist,70
2.88,Psychology,0,0,0,1,0,0,0,0,0,1,0,0,1,1,1,0,0,1,1,Research Scientist,68
4.56,Accounting,1,0,0,1,0,0,1,0,0,0,0,0,0,0,0,1,0,1,0,Accountant,75
4.01,Microbiology,0,0,0,0,0,0,0,0,0,1,1,0,1,1,1,0,0,1,0,Lab Scientist,72
3.01,Guidance & Counselling,0,0,0,1,0,0,0,0,0,0,0,1,0,1,0,1,0,0,0,Social Analyst,55
4.18,Business Administration,0,0,0,1,0,1,1,1,0,0,0,0,1,0,0,0,0,1,1,Project Manager,79
3.77,Sociology,0,0,0,0,0,0,0,0,0,0,1,0,0,1,0,0,0,0,1,Social Analyst,70
4.36,Psychology,1,0,0,0,1,0,0,0,0,1,1,0,0,0,0,0,1,1,0,Research Scientist,83
3.46,Economics,0,0,0,1,0,0,0,0,0,0,1,0,1,1,0,1,1,1,1,Policy Analyst,77
3.75,Education & Mathematics,1,0,0,1,0,0,1,1,0,0,1,0,0,1,0,0,1,0,1,Data Analyst,79
4.1,Forestry,0,0,1,0,0,0,0,0,0,0,0,1,0,0,0,0,0,1,0,Agricultural Officer,63
3.05,Guidance & Counselling,0,0,0,0,0,1,0,0,0,0,0,1,1,1,0,0,0,0,1,Teacher,64
3.7,Accounting,1,0,0,1,0,0,0,0,0,0,1,0,0,1,0,0,0,1,0,Auditor,71
3.35,Marketing,0,0,0,0,0,0,0,1,0,1,0,0,0,1,0,0,0,1,0,Content Strategist,52
3.13,Education & English,0,0,0,0,0,0,0,0,0,0,1,1,1,1,0,0,0,0,1,Teacher,71
2.69,Fisheries,0,0,0,0,0,0,0,0,0,1,1,0,0,0,0,0,1,1,0,Environmental Officer,55
3.21,Microbiology,1,0,0,1,0,0,0,1,0,1,0,1,1,0,0,0,0,1,0,Research Scientist,64
3.56,Accounting,0,0,0,1,0,0,0,1,1,0,1,0,1,1,0,1,0,0,1,Auditor,79
3.77,Marketing,0,0,1,1,0,1,0,0,0,0,0,1,1,0,1,0,0,1,1,Content Strategist,74
2.86,Criminology,1,0,0,0,0,0,0,0,0,0,1,0,0,1,0,0,0,1,1,Policy Analyst,66
3.95,Business Administration,0,0,0,0,0,0,0,0,1,0,0,1,0,0,1,0,0,1,1,Marketing Specialist,81
3.12,Biology,0,0,0,0,1,0,0,1,0,1,1,0,1,0,0,0,0,1,0,Lab Scientist,58
3.33,Microbiology,1,0,0,1,1,0,0,0,0,1,0,0,0,1,0,0,0,0,0,Lab Scientist,70
2.93,Biology,1,0,0,1,0,0,0,1,0,1,1,1,0,0,0,0,1,1,0,Research Scientist,69
3.9,Software Engineering,1,0,1,0,0,0,1,1,0,0,0,0,1,1,0,0,0,0,1,Software Developer,86
3.6,English Studies,0,0,0,1,0,0,1,1,1,0,0,0,0,1,1,0,0,0,1,Content Strategist,79
4.34,Guidance & Counselling,0,0,1,0,0,0,0,0,0,1,1,1,0,1,0,0,0,1,0,Teacher,81
4.21,Agriculture,1,0,0,1,0,0,0,1,0,1,1,0,0,0,0,0,0,0,1,Research Scientist,85
2.38,Sociology,0,0,0,1,0,1,0,0,0,0,1,0,0,1,0,0,0,0,0,Social Analyst,46
3.4,Estate Management,0,0,0,1,0,0,0,0,0,0,1,0,1,1,0,0,1,0,0,Property Manager,59
2.56,Cyber Security,0,1,1,0,0,0,1,1,1,0,0,0,0,1,0,0,0,1,0,System Analyst,57
4.77,Biology,0,0,0,0,0,0,0,0,0,0,1,0,1,1,0,0,0,1,1,Lab Scientist,93
4.18,Estate Management,0,0,0,0,1,0,0,0,0,0,0,0,0,1,0,1,0,1,1,Property Manager,77
3.19,Estate Management,0,0,0,1,1,0,0,1,0,0,1,0,1,1,0,1,1,1,0,Financial Analyst,71
3.58,Psychology,1,0,0,0,0,0,0,0,0,1,1,0,1,0,0,0,0,1,1,Research Scientist,83
3.57,Data Science,1,0,0,1,1,0,0,1,0,0,1,0,1,1,0,0,0,1,1,Data Analyst,96
2.71,Sociology,0,0,0,1,0,0,0,0,0,1,1,1,1,0,1,0,0,1,1,Research Scientist,68
3.28,Mass Communication,0,0,1,1,1,0,0,1,0,0,0,0,1,1,0,0,0,1,0,Marketing Specialist,67
4.02,Marketing,0,0,0,0,1,0,1,1,0,1,0,1,1,0,0,0,0,1,1,Business Analyst,76
2.38,Agriculture,1,0,0,0,0,0,0,0,0,1,1,1,0,0,1,0,0,1,1,Research Scientist,66
3.68,Guidance & Counselling,0,1,0,1,0,0,0,0,0,0,1,0,1,1,0,0,0,1,1,Social Analyst,80
3.41,Mass Communication,1,0,1,0,0,0,0,0,1,0,1,0,1,1,1,0,0,0,1,Content Strategist,78
3.23,Guidance & Counselling,0,0,0,1,0,0,0,0,0,0,1,1,0,1,0,0,0,0,0,Counsellor,64
4.53,Computer Science,1,0,0,1,1,0,0,1,0,0,1,0,1,1,0,0,0,1,0,Data Scientist,95
2.95,Microbiology,0,0,1,1,1,0,1,1,0,1,1,0,1,0,0,0,1,1,1,Research Scientist,77
3.36,Law,0,0,0,1,0,0,0,0,0,0,1,0,1,1,0,0,0,1,0,Legal Researcher,69
3.63,Geography & Planning,0,0,0,0,0,0,0,0,0,0,1,0,0,0,0,0,1,1,1,GIS Specialist,71
3.34,Software Engineering,1,1,0,0,1,0,0,1,1,0,0,0,0,1,0,0,0,1,0,Software Developer,74
3.65,Information Systems,0,0,0,1,1,0,1,1,0,0,1,0,1,1,0,0,0,1,1,Data Analyst,92
4.02,Biology,0,0,0,1,0,0,0,1,0,0,1,1,0,0,0,0,0,1,0,Environmental Officer,73
2.89,Geography & Planning,0,0,0,0,1,0,1,0,0,0,1,0,1,1,0,0,1,0,0,GIS Specialist,62
3.65,Physics,1,0,0,1,0,0,0,1,0,0,1,0,0,1,0,0,0,1,1,Data Analyst,93
2.4,Sociology,0,0,0,1,0,0,0,0,1,0,1,0,0,0,0,0,1,1,1,Policy Analyst,55
4.87,Biology,0,0,0,0,0,0,0,0,0,0,1,1,0,1,0,0,0,0,0,Environmental Officer,82
4.06,Accounting,0,0,0,1,0,0,0,0,0,0,0,0,1,0,1,1,0,1,0,Auditor,75
3.14,Forestry,0,0,0,0,0,0,1,0,0,0,0,0,1,1,0,0,1,1,0,GIS Specialist,58
3.91,English Studies,0,0,0,0,0,0,0,0,0,0,1,0,0,1,0,1,0,1,0,Legal Researcher,74
3.82,Accounting,0,0,0,1,0,0,0,1,0,0,0,0,0,0,1,1,0,0,1,Accountant,68
3.57,Accounting,1,0,0,1,0,1,0,0,0,0,0,0,1,1,1,1,0,0,0,Auditor,66
3.09,Education & Biology,0,0,0,1,0,0,0,0,0,1,1,0,0,0,0,0,0,0,1,Lab Scientist,67
3.92,Criminology,1,0,0,1,0,1,1,1,0,0,0,0,0,1,0,0,0,0,0,Cybersecurity Analyst,85
4.19,Information Systems,0,1,1,0,0,0,0,1,1,0,1,1,1,0,0,0,0,1,0,Software Developer,85
4.01,Guidance & Counselling,0,0,0,1,1,0,0,0,0,0,0,0,1,1,0,0,0,1,0,Teacher,82
3.56,Physics,1,1,1,1,1,0,1,0,0,0,1,0,0,1,0,0,0,1,1,Data Analyst,89
3.78,Education & Biology,0,1,0,1,0,0,1,0,0,1,0,0,0,1,0,0,0,1,1,Research Scientist,81
2.42,Biochemistry,0,0,0,0,0,0,0,0,0,1,1,0,1,0,0,0,0,1,0,Lab Scientist,52
2.93,History & International Studies,0,0,0,0,0,0,0,0,0,0,0,0,0,1,0,0,0,1,1,Legal Researcher,68
3.88,Computer Science,1,1,0,0,1,0,0,0,1,0,1,0,1,0,0,0,0,1,1,Software Developer,88
3.8,Education & English,0,0,1,0,0,0,0,1,0,0,0,1,0,1,1,0,0,1,0,Teacher,74
3.83,Chemistry,0,0,0,1,0,0,0,0,0,1,1,0,0,0,0,0,0,1,0,Lab Scientist,70
3.35,Marketing,0,0,1,1,0,0,0,1,1,0,1,0,1,1,0,0,0,1,0,Business Analyst,71
3.86,Estate Management,0,0,0,0,0,0,1,0,0,0,0,0,1,1,0,1,1,1,0,Property Manager,78
2.69,Education & Biology,0,0,0,1,0,0,0,0,0,0,0,1,0,1,1,0,0,1,0,Teacher,61
2.57,Political Science,0,0,0,0,0,0,0,0,0,1,1,0,1,1,0,1,0,1,1,Lawyer,63
2.93,Psychology,1,0,0,1,0,1,0,0,0,1,1,1,1,1,1,0,1,1,1,Research Scientist,74
3.27,Statistics,0,0,0,1,0,0,0,0,0,0,0,0,0,0,1,1,1,0,0,Actuary,60
2.62,Information Systems,1,0,0,1,1,0,1,1,0,0,1,0,1,0,0,0,0,0,0,Data Analyst,60
3.26,Political Science,0,0,0,0,0,0,0,0,0,0,1,0,1,0,1,0,0,1,0,Social Analyst,63
3.02,Data Science,1,0,0,1,1,0,0,1,0,0,1,0,1,0,0,1,0,1,0,Data Scientist,77
3.27,Marketing,0,0,0,1,0,0,0,1,1,0,1,0,1,1,1,0,0,1,0,Content Strategist,67
3.81,Forestry,0,0,0,0,1,0,0,0,0,0,0,1,0,1,0,0,0,0,0,Agricultural Officer,66
4.18,Marketing,0,0,1,1,1,0,0,0,0,0,0,1,0,1,0,0,0,1,1,Content Strategist,83
3.02,Computer Science,0,1,1,0,0,0,0,0,1,0,0,0,1,0,0,0,0,1,0,Software Developer,64
2.89,Biochemistry,1,0,1,1,0,0,0,1,0,0,1,0,0,0,0,0,0,1,0,Research Scientist,61
4.15,Business Administration,0,0,0,0,0,0,0,0,1,0,1,0,1,1,1,0,0,1,0,Marketing Specialist,77
2.76,History & International Studies,0,0,0,0,0,0,0,0,0,0,1,0,0,1,0,1,0,1,1,Legal Researcher,65
3.16,English Studies,0,0,0,1,0,0,0,0,0,1,1,0,1,1,1,0,0,1,1,Content Writer,71
2.38,Estate Management,1,0,0,1,0,0,1,1,0,0,0,0,1,1,0,1,0,0,0,Property Manager,54
3.42,Education & Mathematics,0,0,1,1,0,0,0,0,0,0,0,1,1,1,0,0,0,1,0,Curriculum Developer,70
4.08,Biochemistry,0,0,0,1,1,0,0,0,0,1,1,0,0,1,0,1,0,1,0,Research Scientist,84
4.15,Biology,0,0,0,0,1,0,0,1,0,1,1,0,0,0,0,0,0,1,1,Lab Scientist,89
3.85,Political Science,0,0,0,0,1,0,0,0,0,0,1,0,0,0,0,0,0,1,0,Social Analyst,67
3.22,Mathematics,1,0,0,1,1,0,0,1,0,0,0,0,1,1,0,0,0,0,0,Data Analyst,71
3.72,Mathematics,0,0,0,1,0,0,0,1,0,0,0,1,0,1,0,0,0,1,0,Data Analyst,81
3.91,History & International Studies,0,0,0,1,0,0,0,0,0,0,0,0,0,0,0,0,0,0,1,Historian,68
3.21,Education & English,0,0,0,0,0,0,0,0,0,0,1,1,0,1,0,0,0,1,1,Teacher,71
3.35,Data Science,1,1,0,1,1,0,1,1,0,0,1,1,1,1,0,0,1,1,1,AI Engineer,101
3.04,Sociology,1,0,0,1,0,0,0,0,0,0,1,0,1,1,1,1,0,1,1,Policy Analyst,79
3.05,Software Engineering,0,0,0,0,0,1,1,0,0,0,1,0,1,1,0,0,0,1,0,Software Developer,66
4.15,Education & English,0,0,1,1,0,0,0,0,0,0,1,1,1,1,1,0,0,0,0,Content Writer,74
3.05,Physics,0,0,0,0,1,0,0,0,0,0,1,0,0,1,0,0,0,1,0,Research Scientist,60
3.9,Accounting,0,0,0,0,0,0,0,1,0,0,0,1,1,0,0,1,0,1,0,Accountant,71
3.38,Data Science,1,0,0,1,0,0,0,1,0,0,1,1,1,0,0,0,0,1,1,Data Analyst,84
2.52,Biology,0,0,0,1,1,0,0,0,0,1,1,1,0,0,0,0,0,0,1,Research Scientist,59
3.15,Political Science,0,0,0,0,0,0,0,0,0,0,1,0,1,1,0,0,0,1,1,Social Analyst,70
4.4,Information Systems,0,1,0,1,0,0,1,1,1,0,0,0,1,1,0,0,0,1,1,System Analyst,102
3.06,Software Engineering,1,1,1,1,0,0,0,1,1,0,0,0,0,1,0,0,0,1,1,Software Developer,89
3.74,Education & Biology,1,0,0,0,0,0,0,0,0,1,1,1,0,1,0,0,1,1,0,Research Scientist,84
3.93,Economics,0,0,0,1,0,0,0,1,0,0,1,0,1,0,1,1,0,0,1,Financial Analyst,87
3.5,Geography & Planning,1,0,0,1,0,0,1,0,0,1,1,0,0,1,0,0,1,1,1,GIS Specialist,82
3.28,Fisheries,1,0,0,1,0,1,0,0,1,1,1,0,0,1,0,0,0,1,1,Research Scientist,80
3.38,Business Administration,0,0,0,0,1,0,0,0,1,0,0,0,1,1,1,1,0,0,0,Marketing Specialist,69
2.81,Mathematics,1,0,0,1,0,0,0,0,0,0,1,1,0,1,0,1,0,1,0,Data Analyst,56
3.59,Physics,0,0,1,1,0,0,0,0,0,1,1,0,0,1,0,0,0,1,0,Lab Scientist,74
4.17,Statistics,0,0,0,1,0,0,0,1,0,0,1,0,1,0,0,1,0,1,0,Research Scientist,79
4.02,Agriculture,0,0,0,0,0,0,0,1,0,0,1,0,1,1,0,0,0,1,0,Agricultural Officer,73
3.57,Mass Communication,0,1,0,0,0,0,0,0,0,1,1,0,0,1,1,0,0,1,0,Content Writer,72
3.46,Geography & Planning,1,0,1,1,0,0,0,0,0,0,0,0,0,0,0,0,1,1,1,GIS Specialist,77
3.79,Cyber Security,0,1,0,1,0,1,1,0,0,0,1,1,1,0,1,0,0,1,0,Cybersecurity Analyst,74
2.79,Banking & Finance,0,0,0,1,1,0,0,0,1,0,1,0,0,1,0,1,0,1,0,Financial Analyst,63
2.92,History & International Studies,0,0,0,0,0,0,0,0,0,0,0,1,1,1,0,0,0,1,0,Legal Researcher,52
2.7,Economics,1,0,1,1,0,0,0,1,0,0,0,0,1,0,1,1,0,1,1,Financial Analyst,73
2.93,Marketing,1,1,0,0,1,0,0,0,0,0,0,0,1,0,1,0,1,1,0,Business Analyst,55
2.78,Agriculture,0,0,0,1,0,0,0,0,0,1,1,0,1,1,0,0,1,1,0,Environmental Officer,61
3.51,Banking & Finance,1,0,0,1,0,0,0,0,0,0,0,0,0,1,0,0,0,1,1,Financial Analyst,79
3.4,Education & English,0,0,0,0,0,1,0,0,0,1,0,1,1,0,0,1,0,0,0,Teacher,59
4.44,Education & Mathematics,0,0,0,0,0,0,0,0,0,0,1,1,1,1,0,0,0,1,0,Teacher,84
3.35,Psychology,0,0,1,0,0,0,0,0,0,0,0,1,0,1,0,0,0,1,0,Social Analyst,59
3.85,Cyber Security,1,1,0,0,0,1,1,1,0,0,0,1,1,0,0,0,0,1,0,Cybersecurity Analyst,83
3.46,Economics,1,0,0,1,0,0,0,1,0,0,0,0,1,1,0,1,0,1,1,Financial Analyst,82
4.42,Law,0,0,0,1,0,0,0,0,0,0,0,0,1,1,1,0,1,1,1,Lawyer,88
2.79,Cyber Security,0,1,0,0,0,1,1,1,1,0,0,0,1,0,0,0,0,1,1,Cybersecurity Analyst,68
4.43,Fisheries,0,0,0,0,0,0,0,0,0,1,1,0,0,0,0,0,1,1,0,Fishery Officer,76
2.91,Marketing,0,1,0,1,0,1,0,0,1,0,1,0,1,1,1,1,0,1,0,Marketing Specialist,70
3.1,Education & Mathematics,1,0,0,1,1,0,0,1,0,0,1,0,0,0,0,1,0,1,1,Data Analyst,76
2.95,Software Engineering,0,0,1,1,0,0,1,1,0,0,1,0,1,1,0,0,0,1,1,System Analyst,79
3.14,Estate Management,0,0,0,0,0,0,1,1,0,0,1,0,1,0,0,1,0,0,1,Financial Analyst,60
4.71,Economics,1,0,0,1,0,0,0,1,1,0,1,1,0,1,0,1,0,1,1,Economist,103
3.44,Law,0,0,0,1,0,1,0,0,0,0,1,0,0,1,0,0,0,0,0,Policy Analyst,66
2.55,Cyber Security,1,1,0,0,0,1,1,0,0,0,1,0,0,0,0,0,0,1,0,Cybersecurity Analyst,59
3.02,Banking & Finance,0,0,0,1,0,1,0,1,0,0,0,1,1,1,0,1,0,1,0,Investment Analyst,63
2.94,Education & Mathematics,1,0,0,1,0,0,0,1,0,0,0,0,1,1,0,0,0,0,0,Data Analyst,61
2.75,Accounting,1,0,0,1,0,0,0,0,0,0,0,0,0,0,0,1,0,1,0,Financial Analyst,54
4.0,Data Science,1,1,0,1,1,0,0,1,0,0,1,0,0,1,0,0,0,1,1,Data Scientist,102
2.94,Banking & Finance,1,0,0,0,1,0,0,1,0,0,0,0,1,1,0,1,0,0,1,Accountant,70
3.3,Microbiology,0,0,0,1,0,0,0,0,0,0,1,0,0,0,0,0,0,1,1,Lab Scientist,65
3.49,Physics,0,0,0,1,1,0,0,1,0,0,1,0,1,0,0,0,0,1,0,Data Analyst,77
3.23,Banking & Finance,1,1,0,1,0,0,0,0,0,0,0,0,0,1,0,1,0,0,0,Financial Analyst,63
3.18,Law,0,0,0,1,0,0,0,0,0,0,1,0,1,1,1,0,0,1,1,Legal Researcher,79
3.09,Law,0,0,0,1,0,0,0,1,0,0,1,0,0,1,0,0,1,1,0,Legal Researcher,57
4.17,Psychology,0,0,0,0,0,0,0,1,0,1,1,1,0,1,0,0,0,1,1,Research Scientist,88
4.26,Software Engineering,0,1,0,0,1,0,1,1,0,0,0,0,0,1,0,0,0,1,1,AI Engineer,92
4.16,Biochemistry,0,0,0,1,0,0,0,0,0,1,1,1,0,0,0,0,0,1,1,Lab Scientist,90
3.91,Education & Biology,0,0,0,1,0,0,0,1,0,0,1,1,0,1,0,0,0,1,0,Research Scientist,79
3.66,Political Science,0,0,0,1,0,0,0,1,0,0,1,0,0,1,0,0,0,1,0,Social Analyst,67
4.61,Marketing,0,0,0,0,1,0,0,0,1,0,0,0,1,1,1,0,0,0,0,Content Strategist,91
3.77,Mathematics,1,0,0,1,0,0,1,1,0,0,1,0,1,0,0,1,0,1,0,Actuary,80
3.34,Data Science,1,0,0,1,1,0,0,1,0,0,0,0,1,0,1,0,0,1,1,AI Engineer,86
4.35,Computer Science,1,1,0,1,1,0,0,1,0,0,1,1,1,1,0,0,0,1,0,AI Engineer,106
3.53,Estate Management,0,0,0,1,1,0,0,1,0,0,0,1,0,1,0,1,1,0,0,GIS Specialist,57
3.59,Geography & Planning,0,0,0,0,1,0,0,0,0,0,1,0,0,0,1,0,1,1,0,Policy Analyst,64
3.19,Software Engineering,1,0,0,1,1,0,0,1,0,0,1,0,0,0,0,0,0,1,1,AI Engineer,83
4.53,Physics,0,0,0,1,1,0,0,1,0,1,1,1,0,0,0,0,0,1,0,Research Scientist,94
2.88,History & International Studies,0,0,1,1,0,0,0,0,0,0,1,0,1,1,0,0,0,1,1,Policy Analyst,73
3.73,Fisheries,0,0,0,0,0,0,0,0,0,1,0,0,0,1,0,0,1,0,0,Fishery Officer,66
3.9,Education & Mathematics,0,0,0,0,0,0,0,0,0,0,1,1,1,1,0,0,0,0,0,Curriculum Developer,72
2.99,Economics,1,1,0,1,0,0,0,0,0,0,1,0,1,1,0,0,0,1,0,Policy Analyst,65
3.6,Law,0,1,0,1,0,0,0,0,0,1,1,0,0,0,0,0,0,1,0,Policy Analyst,67
4.04,Psychology,0,0,1,0,0,0,0,0,0,0,0,1,0,1,0,0,0,1,1,Counsellor,72
3.76,Accounting,0,0,0,1,0,0,0,1,0,0,1,0,1,1,0,1,0,1,0,Auditor,78
2.89,Chemistry,0,0,0,1,0,0,0,0,0,1,0,1,1,0,0,0,0,1,0,Research Scientist,46
3.94,Biochemistry,0,0,0,1,0,0,0,1,0,1,1,1,0,0,0,0,0,1,0,Chemist,84
3.77,Guidance & Counselling,0,0,1,0,0,0,0,0,0,0,0,0,0,1,0,0,0,1,1,Counsellor,76
3.2,Chemistry,0,0,0,1,1,0,0,0,0,1,1,0,1,1,0,0,0,0,0,Research Scientist,71
4.36,Information Systems,1,1,1,0,1,0,0,0,1,0,1,0,0,1,1,0,0,1,1,System Analyst,88
3.14,Cyber Security,1,0,0,0,0,1,1,1,0,0,1,0,0,1,0,0,0,1,1,Security Analyst,72
3.19,History & International Studies,0,0,0,0,0,0,1,1,0,1,1,0,1,1,0,0,0,0,1,Policy Analyst,69
3.48,Geography & Planning,1,0,0,1,1,0,0,1,0,1,0,0,1,0,0,0,1,1,0,GIS Specialist,73
3.34,Accounting,0,0,1,0,0,0,0,0,0,0,0,0,0,0,1,1,0,0,1,Accountant,64
3.27,Banking & Finance,0,0,0,0,0,0,0,0,0,0,0,0,0,0,0,1,0,1,1,Accountant,66
3.62,Software Engineering,1,0,1,1,0,1,1,1,0,0,1,0,0,1,0,0,0,1,0,System Analyst,85
3.42,Guidance & Counselling,0,0,0,0,0,0,0,0,0,1,0,1,0,1,0,0,1,1,1,Teacher,73
2.34,Business Administration,1,1,0,1,0,1,0,1,0,0,0,0,1,1,1,0,0,1,1,Business Analyst,55
3.46,Economics,0,0,1,1,0,0,0,0,0,0,1,0,1,0,1,1,0,0,0,Policy Analyst,69
2.57,Law,0,0,0,1,0,0,0,0,0,0,1,0,1,1,1,0,0,1,0,Policy Analyst,62
3.71,Biochemistry,0,0,0,1,0,0,0,0,0,1,1,0,1,0,0,0,0,1,0,Lab Scientist,71
2.43,Mass Communication,0,0,0,1,0,0,0,0,1,1,1,0,1,1,1,0,0,1,1,Content Strategist,71
3.5,Cyber Security,1,0,0,1,0,1,1,1,0,0,1,0,1,0,1,0,0,1,1,Security Analyst,81
4.04,Fisheries,0,0,0,0,0,0,0,1,0,0,1,0,1,0,1,0,1,1,1,Environmental Officer,82
3.56,Political Science,0,0,1,0,0,0,0,0,0,1,1,0,0,1,0,1,0,0,1,Social Analyst,73
3.52,Banking & Finance,0,0,0,0,0,0,0,1,0,1,0,0,0,1,0,1,0,1,0,Accountant,71
3.32,Microbiology,1,0,0,1,1,0,0,0,0,1,1,0,0,1,0,0,1,1,0,Lab Scientist,62
3.76,Education & English,0,0,0,0,0,0,0,0,0,0,1,1,0,1,0,0,0,1,1,Teacher,79
3.85,Criminology,0,0,0,0,0,1,1,0,0,0,1,0,1,0,0,1,0,0,0,Security Analyst,74
3.68,Chemistry,0,1,0,0,0,0,0,0,0,1,1,1,0,0,0,0,0,1,1,Chemist,80
3.7,Computer Science,1,1,0,1,1,0,1,0,1,1,0,0,1,1,0,0,0,1,1,Data Scientist,84
3.95,Accounting,1,0,0,1,0,0,0,0,0,0,1,0,0,1,0,1,0,1,1,Accountant,88
2.71,Computer Science,1,0,0,1,1,1,1,1,0,1,1,0,1,0,0,0,0,0,1,Cybersecurity Analyst,67
3.37,Law,0,1,0,1,0,0,0,0,0,0,1,0,1,1,0,0,0,1,0,Legal Researcher,67
3.51,Sociology,0,0,0,0,0,0,0,0,0,0,1,0,1,0,0,1,0,1,0,Policy Analyst,62
2.91,Agriculture,0,1,1,1,0,0,0,1,0,1,1,0,0,1,0,0,1,1,1,Environmental Officer,71
3.23,Law,0,0,0,1,0,0,0,0,0,0,1,0,1,1,0,0,0,1,1,Policy Analyst,67
2.51,History & International Studies,0,0,0,1,0,0,0,0,0,0,1,0,0,1,0,0,0,1,1,Legal Researcher,56
4.05,Biology,0,0,0,0,0,0,0,0,0,1,1,1,0,1,0,0,1,1,0,Environmental Officer,76
2.99,Sociology,0,0,0,0,0,0,0,1,0,0,1,0,1,0,0,0,0,0,1,Social Analyst,53
2.6,Law,1,0,0,0,0,0,0,0,0,0,1,1,0,1,0,0,0,1,0,Legal Researcher,50
3.76,Political Science,0,0,0,0,0,0,0,0,0,0,1,0,1,1,1,1,0,1,0,Policy Analyst,81
3.34,Forestry,0,0,0,0,1,0,0,0,0,1,0,0,1,1,0,0,0,1,1,Agricultural Officer,73
3.45,Marketing,0,0,1,0,0,0,0,0,0,0,0,0,0,1,1,0,0,1,0,Content Strategist,68
3.05,Criminology,0,0,1,1,0,0,0,0,0,0,1,0,1,1,0,1,0,1,0,Policy Analyst,69
3.58,Guidance & Counselling,0,0,0,0,0,0,0,0,0,0,1,0,0,1,0,0,0,1,1,Counsellor,76
3.62,Computer Science,1,1,0,1,1,0,0,1,0,0,1,0,1,0,0,0,0,1,0,AI Engineer,90
3.35,Information Systems,1,1,1,1,1,0,1,1,1,0,1,0,1,1,0,0,0,1,1,Software Developer,94
4.08,Statistics,1,0,0,1,1,0,0,1,0,0,0,0,1,1,0,1,0,1,0,Data Analyst,87
4.29,Economics,0,0,0,1,1,0,1,0,0,0,1,0,1,1,0,0,1,1,0,Policy Analyst,84
3.29,History & International Studies,0,0,0,1,0,0,0,0,0,0,1,0,0,1,0,0,1,0,1,Policy Analyst,76
3.21,Education & Mathematics,1,1,0,1,0,0,0,0,0,0,1,0,0,0,1,0,0,1,0,Data Analyst,63
3.05,Education & Mathematics,0,0,0,0,0,0,0,0,0,0,0,1,1,1,0,0,0,1,0,Teacher,61
4.17,Economics,0,0,0,1,1,1,0,0,0,0,1,1,0,0,0,1,0,1,0,Economist,80
4.13,Criminology,0,0,0,0,0,1,0,1,0,0,1,0,0,0,0,0,0,0,1,Security Analyst,81
4.3,Agriculture,0,0,1,0,0,0,0,0,0,1,0,0,1,1,0,0,0,1,0,Agricultural Officer,79
2.75,Information Systems,1,0,1,1,0,0,0,1,0,0,1,1,1,1,0,0,0,1,1,Data Analyst,66
3.58,Banking & Finance,1,0,0,0,0,1,0,0,0,0,0,0,1,0,0,1,0,0,1,Accountant,68
2.64,Psychology,0,0,0,0,0,0,0,0,0,0,0,0,0,1,0,0,0,0,0,Counsellor,47
3.95,Banking & Finance,1,0,1,1,0,0,0,0,0,0,1,0,0,0,0,1,0,1,0,Investment Analyst,75
3.65,Law,0,1,0,1,0,0,0,0,0,0,1,0,0,1,0,0,0,1,1,Legal Researcher,74
2.66,Psychology,0,1,0,0,0,0,0,1,0,1,1,1,0,1,0,0,1,1,1,Research Scientist,73
4.17,Physics,1,0,0,0,0,0,0,0,0,1,1,0,0,1,0,0,0,1,1,Lab Scientist,90
3.33,Estate Management,0,0,0,0,0,0,0,0,1,0,1,1,0,1,0,0,1,0,0,GIS Specialist,66
4.88,English Studies,0,0,1,0,1,0,0,0,1,0,0,0,1,1,0,0,0,1,1,Content Writer,94
3.47,Accounting,0,0,0,1,0,0,1,0,0,0,1,0,0,0,0,1,0,0,0,Accountant,62
3.59,Education & Biology,0,0,0,0,0,0,0,0,0,0,0,1,0,1,1,1,0,0,0,Teacher,61
3.31,Guidance & Counselling,0,0,0,0,0,0,0,0,1,0,0,1,0,1,0,0,0,1,0,Counsellor,66
3.76,Geography & Planning,0,0,0,0,0,0,0,1,1,0,1,0,0,1,0,0,1,0,1,Environmental Officer,75
2.97,Mass Communication,0,0,1,0,0,0,0,0,0,0,0,0,1,0,1,0,0,0,0,Content Strategist,53
3.68,Business Administration,0,0,0,0,0,0,0,0,0,0,0,0,0,1,1,0,0,1,1,Marketing Specialist,74
3.99,Economics,1,0,0,1,0,0,0,0,0,0,1,0,0,0,0,0,0,0,1,Policy Analyst,79
3.76,Computer Science,1,0,0,1,1,0,0,0,0,0,0,0,0,1,0,0,0,1,1,Data Scientist,87
2.5,Cyber Security,0,1,0,0,1,1,1,1,1,0,0,0,0,1,0,1,0,1,0,System Analyst,62
2.88,Chemistry,0,0,0,1,1,0,0,0,0,1,1,1,1,1,0,0,0,1,0,Research Scientist,62
4.08,Statistics,0,0,0,1,1,0,0,0,0,0,0,1,0,1,0,1,0,0,0,Actuary,70
4.12,Education & English,1,0,1,0,0,0,0,0,0,0,1,0,0,1,1,0,0,1,1,Content Writer,84
3.28,Guidance & Counselling,0,0,0,0,1,0,0,0,0,0,0,1,1,1,0,1,0,1,0,Teacher,60
3.68,Sociology,0,0,0,0,0,0,1,0,0,0,1,0,1,1,0,0,0,1,0,Social Analyst,61
4.1,Guidance & Counselling,0,0,0,0,1,0,0,0,0,0,1,0,0,1,0,0,0,1,1,Social Analyst,81
2.53,Criminology,1,0,1,0,1,1,1,0,0,0,0,0,0,0,0,1,0,1,1,Security Analyst,61
2.94,Mathematics,0,1,0,0,1,0,0,0,0,1,1,1,0,0,0,0,0,1,1,Research Scientist,71
3.55,Cyber Security,0,0,0,0,1,1,1,1,0,0,1,1,0,0,0,0,0,1,0,Cybersecurity Analyst,73
4.2,Criminology,0,0,0,0,0,1,1,1,0,0,0,0,1,1,0,0,0,1,0,Security Analyst,82
3.88,Guidance & Counselling,0,0,0,0,0,0,0,0,0,0,0,1,0,1,0,0,0,1,0,Teacher,70
2.92,Estate Management,0,0,1,1,0,0,0,1,0,0,1,1,0,1,0,0,1,0,0,GIS Specialist,64
2.52,Information Systems,1,0,0,1,0,0,0,1,0,0,0,0,0,1,0,0,0,1,0,Data Analyst,54
3.96,Chemistry,0,0,0,0,0,0,0,0,0,0,1,1,0,1,0,0,0,1,1,Lab Scientist,78
4.4,Agriculture,0,0,0,0,0,0,0,0,0,0,1,0,1,1,0,0,1,0,1,Environmental Officer,81
3.89,Biochemistry,1,0,0,1,0,0,0,0,0,1,1,0,1,1,0,0,0,1,0,Research Scientist,85
2.8,Criminology,0,0,0,1,0,0,0,0,0,0,0,0,1,0,1,0,0,1,0,Policy Analyst,56
2.77,Computer Science,1,0,1,1,1,0,0,1,0,1,0,1,0,1,0,0,0,1,1,Data Scientist,77
2.37,Marketing,0,0,1,0,0,1,0,0,0,1,1,0,1,1,0,0,0,1,1,Content Strategist,60
3.04,History & International Studies,0,0,0,1,0,0,0,0,0,0,1,0,1,1,0,0,0,1,1,Policy Analyst,71
3.26,Education & Mathematics,0,0,0,1,0,0,1,0,1,0,1,1,0,1,0,0,0,1,0,Teacher,70
3.48,Forestry,0,0,0,1,0,0,0,0,0,1,1,0,0,1,0,0,0,0,0,Agricultural Officer,64
2.97,Microbiology,1,0,0,1,0,0,0,0,0,1,1,1,0,0,0,0,0,1,0,Research Scientist,62
2.79,Software Engineering,1,0,0,1,1,0,0,0,0,0,1,0,1,0,0,0,0,0,0,AI Engineer,65
3.62,Fisheries,0,0,0,0,0,0,0,0,0,1,0,0,0,1,0,0,1,0,0,Environmental Officer,56
3.97,Information Systems,1,0,1,1,1,1,1,1,0,0,0,0,1,1,0,0,0,1,0,System Analyst,99
3.46,Education & Biology,1,0,0,0,1,0,0,0,0,1,1,1,1,1,0,0,0,1,1,Research Scientist,83
4.46,Information Systems,0,1,1,0,0,0,1,0,1,0,0,0,1,1,0,0,0,1,0,Software Developer,89
2.45,Computer Science,1,0,0,1,1,0,0,1,0,0,1,0,0,1,0,0,0,1,1,Data Scientist,75
3.2,Agriculture,0,0,0,1,0,0,0,0,0,1,1,0,1,1,0,0,0,1,0,Research Scientist,70
3.41,Software Engineering,0,0,1,1,0,1,1,1,0,1,1,0,1,0,0,0,1,0,0,System Analyst,73
2.37,Mathematics,0,0,0,1,0,0,0,1,0,0,0,0,0,1,0,1,0,1,1,Actuary,59
3.5,Forestry,0,0,0,1,0,0,0,0,0,1,1,0,0,0,0,0,0,0,0,Agricultural Officer,68
2.94,Agriculture,0,0,0,0,1,0,1,1,0,1,1,0,1,0,0,0,1,1,1,Research Scientist,72
4.16,Banking & Finance,1,0,0,1,0,0,1,0,0,1,1,0,0,1,1,1,0,1,0,Investment Analyst,80
3.05,Education & English,0,0,0,0,0,0,0,0,1,0,0,0,0,0,1,1,0,1,1,Curriculum Developer,56
3.42,Law,0,0,0,0,0,0,0,0,0,0,1,1,0,1,0,0,0,1,0,Policy Analyst,63
3.3,Education & English,0,0,1,0,0,0,0,0,0,0,1,1,1,0,0,0,1,0,1,Content Writer,56
2.8,Education & Mathematics,0,0,0,0,0,0,0,0,0,0,0,1,0,1,0,0,0,1,1,Teacher,62
3.61,Agriculture,0,0,0,0,0,0,0,0,0,1,1,1,1,1,0,0,0,1,1,Agricultural Officer,73
2.49,Psychology,0,0,0,1,1,0,0,1,0,1,1,0,0,1,0,0,1,1,1,Research Scientist,65
3.26,English Studies,1,0,0,1,1,0,0,0,0,0,0,1,0,1,0,0,0,1,0,Legal Researcher,59
3.0,Physics,0,0,1,0,0,0,0,0,0,1,1,1,1,1,0,0,0,0,0,Lab Scientist,54
3.35,Economics,0,0,0,1,1,0,0,1,0,0,1,0,1,1,0,1,0,1,0,Economist,79
3.86,Statistics,0,0,0,0,0,0,0,1,0,1,1,1,1,0,0,0,0,1,1,Research Scientist,86
3.54,Computer Science,1,1,0,0,0,0,1,0,0,0,1,0,0,0,0,0,0,0,0,Cybersecurity Analyst,66
2.63,Biology,1,0,0,1,0,0,0,0,0,1,1,0,0,1,0,0,0,1,0,Research Scientist,61
3.61,Criminology,0,0,0,0,0,0,0,0,0,0,1,0,0,1,0,0,0,1,0,Policy Analyst,69
3.98,Statistics,0,0,0,1,1,0,1,0,0,0,0,1,0,1,0,1,0,1,1,Actuary,94
2.6,Computer Science,0,1,0,0,0,1,1,0,0,0,0,0,0,1,0,0,0,1,0,Cybersecurity Analyst,48
2.74,Marketing,1,0,1,0,0,0,0,0,0,0,1,0,0,1,1,0,0,1,0,Content Strategist,60
2.71,Fisheries,0,0,0,1,0,0,0,0,0,1,0,0,1,1,0,0,0,1,0,Fishery Officer,59
3.16,Education & Mathematics,1,1,0,1,1,0,0,1,0,0,0,0,0,0,0,0,0,1,1,Data Analyst,76
3.36,Criminology,1,0,0,0,1,1,0,0,0,0,0,0,0,1,0,0,0,1,0,Security Analyst,64
3.77,Accounting,1,0,0,1,0,0,0,1,0,0,1,0,0,0,1,1,0,0,0,Financial Analyst,76
3.32,Banking & Finance,0,0,1,1,1,0,0,0,0,0,1,0,0,0,0,1,0,1,0,Financial Analyst,64
3.84,Education & Biology,0,0,0,1,0,0,0,0,0,0,0,1,0,1,0,0,0,1,0,Teacher,68
4.29,History & International Studies,0,0,0,1,0,0,1,0,0,0,1,0,0,0,0,0,0,1,1,Historian,83
3.3,History & International Studies,0,1,0,1,0,0,0,0,0,0,1,0,1,1,0,0,0,1,0,Policy Analyst,68
3.32,Economics,1,0,1,1,0,0,0,0,0,0,1,0,0,1,0,1,0,1,1,Economist,68
3.48,Information Systems,1,0,1,0,0,1,0,1,0,0,1,0,1,0,0,1,0,1,1,Software Developer,79
4.18,Psychology,1,0,1,1,0,1,0,0,0,1,1,1,1,1,0,0,0,1,0,Research Scientist,86
4.19,Law,0,0,0,0,0,0,0,0,0,0,1,0,0,1,0,0,0,1,0,Legal Researcher,76
3.31,Education & Mathematics,0,0,0,0,0,0,0,0,0,0,1,0,0,0,0,0,0,0,0,Teacher,54
3.5,Political Science,1,0,0,1,0,0,0,1,1,1,1,0,0,1,0,0,0,1,1,Social Analyst,75
3.94,Sociology,0,0,0,1,0,0,0,0,0,0,0,0,0,1,1,0,0,1,0,Social Analyst,70
3.84,Information Systems,1,1,1,1,0,0,0,1,0,0,1,0,1,1,0,0,0,1,0,Software Developer,89
3.4,English Studies,0,0,0,0,0,0,0,0,0,0,0,1,0,1,0,0,0,1,1,Content Writer,67
2.78,Agriculture,1,1,0,1,1,0,1,0,0,1,1,0,1,0,1,0,0,1,1,Research Scientist,74
3.99,English Studies,0,0,0,0,0,0,0,0,0,0,1,0,0,1,0,0,0,1,1,Legal Researcher,85
3.52,Data Science,1,1,1,1,1,0,1,1,0,0,1,0,1,1,0,0,0,1,1,AI Engineer,93
3.43,Geography & Planning,1,0,0,1,0,0,0,1,0,0,1,0,0,1,0,0,1,1,0,Environmental Officer,68
3.75,History & International Studies,0,0,1,1,0,0,0,1,0,0,1,0,0,1,0,0,0,1,0,Policy Analyst,72
3.3,Software Engineering,1,0,1,1,1,0,0,1,0,0,0,0,1,0,0,0,0,1,0,AI Engineer,78
2.86,Information Systems,1,0,0,1,1,0,0,1,0,0,0,0,1,1,1,0,0,1,1,Data Analyst,73
3.62,Biology,0,0,0,0,0,0,0,0,0,1,1,0,0,1,0,0,0,1,1,Lab Scientist,74
3.75,Mathematics,0,0,0,1,1,0,1,0,0,0,1,0,0,0,0,1,0,1,1,Actuary,83
3.95,Mass Communication,0,0,0,1,0,0,0,0,1,0,0,0,0,1,1,0,1,1,1,Content Strategist,83
4.27,Computer Science,0,0,1,0,0,1,1,0,1,0,1,0,0,0,1,0,0,1,1,Software Developer,86
2.5,Education & English,0,0,0,0,0,0,0,0,0,1,1,0,0,0,1,1,0,1,1,Content Writer,62
4.03,Education & Mathematics,1,1,0,1,1,1,0,1,0,0,1,0,1,0,0,1,0,1,1,Data Analyst,97
3.91,Fisheries,0,0,0,0,0,0,0,0,0,1,1,0,0,1,0,0,0,1,1,Fishery Officer,74
3.01,Statistics,0,0,1,1,1,0,0,1,0,0,1,0,0,0,0,0,0,1,0,Data Analyst,60
3.3,Sociology,1,0,0,1,0,0,0,0,0,1,1,0,1,0,0,0,0,1,1,Research Scientist,81
3.46,History & International Studies,0,0,0,1,0,0,0,0,0,0,1,0,0,1,0,0,0,1,0,Policy Analyst,77
3.64,Political Science,0,0,0,1,1,0,0,0,0,0,1,0,1,1,0,0,1,1,1,Policy Analyst,84
3.96,Mass Communication,0,0,0,1,0,0,0,0,0,0,1,0,1,1,0,0,0,1,0,Content Writer,68
4.0,Estate Management,1,0,0,1,0,1,0,0,0,0,1,0,1,0,0,0,1,1,1,GIS Specialist,87
3.8,Biochemistry,1,0,0,0,0,0,0,0,0,1,1,0,1,1,0,0,0,1,1,Research Scientist,89
3.47,Education & Biology,1,0,0,0,0,0,0,0,1,0,1,1,0,1,0,0,0,1,1,Teacher,78
3.41,Physics,0,0,1,1,0,0,0,0,0,1,1,0,0,1,0,0,0,1,1,Research Scientist,79
4.13,Information Systems,1,0,1,0,0,0,1,1,1,0,0,0,1,0,0,0,0,1,1,System Analyst,86
3.63,Fisheries,0,0,0,0,0,0,0,0,0,0,0,0,1,1,0,0,1,0,0,Environmental Officer,57
2.46,Banking & Finance,1,0,0,1,1,0,0,0,0,0,1,0,0,0,0,1,1,1,1,Investment Analyst,64
4.15,Criminology,1,0,1,1,0,1,1,0,0,0,1,0,0,1,0,0,0,0,0,Cybersecurity Analyst,78
4.02,Mass Communication,1,0,1,0,0,0,0,0,0,0,1,0,1,1,1,0,0,1,1,Content Strategist,91
3.7,Forestry,0,0,1,1,0,0,1,0,1,0,0,0,1,0,0,0,1,1,1,GIS Specialist,74
3.95,Sociology,0,0,0,0,0,0,0,0,0,1,1,0,0,0,0,0,0,1,0,Research Scientist,73
4.94,Agriculture,1,0,0,1,0,0,0,0,0,1,1,0,0,0,0,1,0,1,1,Research Scientist,101
2.77,History & International Studies,0,0,0,1,0,0,0,0,0,0,1,0,0,0,1,0,0,1,0,Legal Researcher,54
3.69,Cyber Security,0,1,1,0,1,1,0,0,0,0,1,0,0,1,0,0,0,1,0,Security Analyst,74
4.06,Microbiology,0,0,0,1,1,0,1,1,0,0,1,1,0,0,1,0,0,1,0,Public Health Officer,74
4.14,Psychology,0,0,0,1,0,0,0,1,1,0,1,0,0,1,1,0,0,1,1,Social Analyst,96
3.93,English Studies,0,0,0,1,0,0,0,0,0,0,1,0,0,1,0,0,0,0,1,Legal Researcher,83
3.36,Banking & Finance,1,0,0,0,0,0,0,1,0,0,0,0,0,0,0,0,0,1,1,Accountant,62
3.58,Fisheries,0,0,0,0,0,0,0,0,0,0,1,0,1,1,0,0,0,1,1,Fishery Officer,70
2.81,Mathematics,1,0,0,1,1,0,0,1,0,0,0,0,0,1,0,1,0,0,1,Data Analyst,67
3.67,Estate Management,1,0,0,0,0,0,1,0,0,1,0,0,1,1,0,0,1,1,1,Property Manager,77
4.67,Cyber Security,1,1,0,0,0,0,1,0,1,0,0,0,0,1,0,0,0,1,1,Security Analyst,92
4.18,Marketing,0,0,0,1,0,0,0,1,1,0,0,1,0,1,1,0,0,1,0,Content Strategist,87
2.36,Guidance & Counselling,0,0,0,1,0,0,0,0,0,1,1,0,0,1,0,0,0,0,0,Counsellor,45
3.39,Mathematics,1,0,0,1,0,0,0,0,0,0,0,1,0,1,0,1,0,1,1,Actuary,80
2.27,Political Science,0,0,0,1,0,0,0,0,0,0,1,0,1,1,0,0,1,0,1,Lawyer,56
3.42,Physics,1,0,0,1,1,0,0,0,0,1,1,0,0,0,0,0,0,1,1,Research Scientist,75
3.01,Physics,1,0,0,1,0,1,0,1,0,1,0,1,1,1,0,0,0,1,1,Research Scientist,80
2.96,History & International Studies,0,1,0,1,0,0,0,1,0,0,1,0,1,1,0,0,0,0,0,Historian,53
2.75,Microbiology,1,0,0,1,0,0,0,1,0,1,1,0,1,1,0,0,0,1,0,Research Scientist,63
3.81,Cyber Security,0,0,0,0,0,1,1,0,0,0,0,0,0,0,0,0,0,0,0,Security Analyst,69
2.66,Mathematics,0,0,0,1,0,0,0,1,0,0,0,0,1,0,0,0,0,0,0,Data Analyst,58
4.1,Law,0,0,0,0,0,0,1,0,0,0,1,0,1,1,0,0,0,1,1,Legal Researcher,83
4.35,Statistics,0,0,0,1,0,0,0,0,0,1,1,0,0,1,0,0,0,1,0,Research Scientist,92
3.7,Mass Communication,0,0,1,1,0,0,0,0,1,0,1,1,0,1,0,0,0,1,1,Content Writer,74
3.91,English Studies,0,0,0,1,0,0,0,0,0,0,0,0,0,1,1,0,0,1,1,Content Strategist,80
3.21,Microbiology,0,0,0,1,1,0,0,0,0,1,1,0,0,1,1,0,0,1,1,Lab Scientist,65
3.59,Law,0,0,0,0,0,0,0,1,0,1,1,0,1,0,0,1,1,1,0,Legal Researcher,62
3.1,Statistics,1,0,1,1,1,0,0,1,0,0,1,0,0,0,0,0,0,1,0,Data Analyst,67
2.97,Banking & Finance,0,0,0,0,0,0,0,1,0,0,0,0,1,0,0,1,0,1,1,Accountant,77
3.77,Computer Science,0,1,0,1,1,1,0,1,0,0,1,0,0,0,0,0,0,1,0,AI Engineer,79
4.01,Cyber Security,1,1,0,0,0,0,1,0,0,0,1,1,1,1,0,0,0,0,1,System Analyst,84
3.8,Accounting,1,0,0,1,0,1,0,0,0,0,0,0,1,1,1,1,0,1,0,Accountant,73
4.37,Mass Communication,0,0,0,1,0,0,0,0,1,0,1,0,1,1,1,0,0,1,1,Content Strategist,97
3.61,Psychology,0,0,0,0,0,0,0,0,0,0,0,1,1,1,0,0,0,1,0,Counsellor,62
3.1,History & International Studies,0,0,1,0,0,0,0,0,0,0,1,0,1,1,0,0,0,1,0,Legal Researcher,58
3.75,Biology,0,0,0,0,0,0,0,0,0,1,0,0,0,0,0,0,0,1,0,Environmental Officer,63
3.56,Banking & Finance,0,0,0,1,0,0,0,0,0,0,0,0,1,1,0,1,0,1,1,Financial Analyst,80
2.91,English Studies,0,0,0,0,0,0,0,0,1,0,1,0,0,1,0,0,0,0,0,Content Writer,50
2.86,Chemistry,0,0,0,1,1,1,0,0,0,1,1,1,0,1,0,0,0,0,1,Chemist,66
3.16,Banking & Finance,1,0,0,1,0,0,0,0,0,0,0,0,0,0,0,1,0,1,0,Investment Analyst,63
2.78,Business Administration,0,0,1,1,0,0,0,0,0,0,0,1,0,1,1,0,0,0,0,Marketing Specialist,57
2.49,Guidance & Counselling,0,0,0,1,0,0,0,0,0,0,0,1,0,1,0,0,0,1,0,Counsellor,54
3.62,Estate Management,1,1,0,1,0,0,0,1,0,0,1,0,1,0,0,1,0,1,0,Financial Analyst,79
4.25,Banking & Finance,1,0,1,1,1,0,0,0,0,0,0,0,1,0,0,1,0,1,1,Financial Analyst,101
4.28,Criminology,1,1,0,1,0,1,1,1,0,0,0,0,1,0,0,0,0,1,0,Cybersecurity Analyst,92
4.39,English Studies,0,0,0,1,0,0,0,0,1,0,0,0,0,1,1,0,0,1,1,Content Strategist,92
4.45,Economics,0,0,0,1,0,0,0,1,0,0,0,0,0,1,0,0,0,1,0,Policy Analyst,76
2.63,Banking & Finance,1,0,0,1,0,0,0,1,0,0,1,0,1,1,0,1,1,1,1,Financial Analyst,67
4.03,Education & English,0,0,0,0,0,0,0,0,0,0,0,0,0,1,0,1,0,1,0,Content Writer,67
3.77,Geography & Planning,0,0,1,1,0,0,1,0,0,0,0,1,1,1,0,0,1,0,1,GIS Specialist,84
3.89,Accounting,0,0,0,1,0,0,0,1,1,0,0,0,1,0,0,1,0,1,1,Financial Analyst,81
3.6,Geography & Planning,0,0,0,0,0,0,0,1,0,1,1,0,0,0,0,0,1,0,1,Environmental Officer,74
2.77,Education & Biology,0,0,0,1,0,0,0,0,0,0,0,1,1,1,0,0,0,0,0,Teacher,53
3.71,Forestry,0,0,1,0,1,0,0,0,0,1,1,0,1,0,0,0,0,0,1,Agricultural Officer,72
4.41,Education & Mathematics,0,1,0,0,0,0,0,0,0,0,0,1,1,1,0,0,0,1,0,Curriculum Developer,75
3.3,Forestry,0,0,0,0,0,0,0,1,0,1,0,0,1,1,0,0,0,0,0,Agricultural Officer,67
3.33,Marketing,0,0,0,0,0,0,0,0,0,0,0,1,1,1,1,0,0,1,0,Marketing Specialist,60
4.44,English Studies,0,1,1,0,0,0,0,0,1,0,0,0,0,1,0,0,0,1,0,Content Writer,80
3.56,Agriculture,0,0,0,0,0,0,1,0,0,1,1,0,1,0,1,0,1,1,1,Agricultural Officer,76
3.13,Data Science,1,1,0,1,1,0,0,1,0,1,1,0,1,1,0,1,0,1,0,Data Scientist,85
3.08,Education & English,0,1,0,0,1,0,1,0,0,0,1,0,0,1,1,0,0,1,0,Content Writer,61
3.38,Geography & Planning,0,0,0,0,0,0,1,0,0,1,1,1,1,0,1,0,1,1,1,Environmental Officer,72
2.93,Marketing,0,0,0,0,0,0,0,0,0,0,0,0,0,1,1,1,0,1,0,Marketing Specialist,56
2.63,Political Science,0,0,0,1,0,0,0,1,0,0,1,0,1,1,0,0,1,1,1,Policy Analyst,66
3.43,Political Science,0,0,1,0,0,0,0,1,0,0,0,0,1,1,0,0,0,1,0,Lawyer,67
2.69,Education & English,0,0,1,0,0,0,0,0,0,1,0,0,1,1,1,0,0,1,0,Content Writer,59
4.12,Mathematics,0,0,0,1,0,0,0,0,0,0,0,0,1,0,0,1,0,1,1,Data Analyst,85
4.52,Microbiology,0,0,0,1,0,0,0,0,0,1,1,0,0,1,0,0,0,1,1,Research Scientist,99
3.54,Economics,0,0,0,1,0,0,0,0,0,0,1,0,0,0,1,1,0,1,1,Economist,79
3.28,Political Science,0,0,0,1,0,0,0,0,0,0,0,0,0,1,0,1,0,1,1,Social Analyst,69
3.9,Microbiology,1,0,0,1,0,0,0,0,0,1,1,0,0,1,0,0,0,1,1,Research Scientist,86
3.67,Marketing,0,0,0,0,1,1,0,0,1,0,0,0,1,0,1,0,0,1,1,Marketing Specialist,78
2.5,English Studies,0,1,1,0,0,0,0,0,1,0,1,0,0,1,1,0,0,1,1,Content Strategist,61
3.38,Education & English,0,0,1,0,1,0,0,0,0,0,0,0,0,1,0,0,0,1,0,Content Writer,60
3.14,Banking & Finance,1,0,0,0,0,0,0,1,0,0,0,1,1,0,1,1,0,1,0,Investment Analyst,65
3.78,Estate Management,0,0,0,1,0,0,0,1,0,0,0,0,1,1,0,1,0,1,0,Financial Analyst,76
3.53,Psychology,1,0,0,1,1,0,0,1,0,1,1,0,0,0,0,1,0,1,0,Research Scientist,74
3.26,Business Administration,0,0,0,1,0,0,1,0,1,0,1,0,1,1,1,1,0,1,0,Business Analyst,78
3.84,Accounting,0,1,0,1,0,0,1,1,0,0,1,0,0,0,0,1,0,1,0,Accountant,78
3.76,Data Science,1,1,0,1,1,0,0,1,0,0,1,0,0,1,0,0,0,1,0,AI Engineer,85
3.57,Economics,1,0,0,1,0,0,0,0,0,0,1,0,1,0,0,1,0,0,0,Economist,66
3.65,Biology,1,0,0,0,0,0,0,0,0,1,1,0,1,0,0,0,0,1,1,Lab Scientist,85
3.22,Agriculture,0,0,0,1,0,0,0,1,0,0,1,1,0,0,0,0,0,1,0,Agricultural Officer,54
3.43,Education & Mathematics,0,0,0,1,0,0,0,1,0,0,1,0,0,1,0,0,0,1,0,Data Analyst,66
3.68,Education & Mathematics,0,0,0,0,0,0,0,0,0,0,0,0,0,0,0,0,0,1,1,Teacher,65
4.26,Sociology,0,0,0,1,0,0,0,0,0,0,0,0,1,1,0,0,0,1,1,Social Analyst,86
4.31,Economics,1,0,0,0,1,0,0,1,0,0,1,0,1,0,1,1,0,1,0,Financial Analyst,84
3.71,Mathematics,1,0,0,0,0,0,0,0,0,1,0,0,0,0,0,0,0,1,0,Research Scientist,64
4.34,Cyber Security,0,0,0,1,0,1,1,0,0,0,1,1,0,1,0,0,0,1,1,Cybersecurity Analyst,95
4.69,Education & Mathematics,0,0,0,1,0,0,0,0,0,0,0,1,1,1,0,0,0,1,1,Curriculum Developer,94
3.7,Software Engineering,1,1,1,1,0,1,1,1,1,0,0,0,1,0,0,0,0,0,0,Software Developer,81
2.64,Education & English,0,0,0,0,0,0,0,0,0,0,1,0,0,1,1,0,0,1,0,Content Writer,55
3.24,Statistics,1,0,0,1,1,0,0,0,0,0,1,0,1,0,0,1,0,0,0,Actuary,69
3.53,Microbiology,1,0,0,0,0,0,1,1,0,1,1,0,1,0,0,1,0,1,1,Research Scientist,79
3.61,Physics,0,0,0,1,1,0,0,0,0,0,1,0,1,0,1,0,0,1,0,Data Analyst,70
2.97,Biology,0,0,1,1,1,1,0,1,0,0,1,0,1,1,0,0,1,0,1,Environmental Officer,63
2.77,Microbiology,0,0,0,1,1,0,0,0,0,1,1,1,0,0,0,0,0,1,0,Research Scientist,60
2.94,Estate Management,1,1,0,1,0,0,0,0,0,0,0,0,0,0,0,0,1,1,0,GIS Specialist,59
3.5,English Studies,0,0,0,1,0,0,0,0,0,0,1,0,1,1,1,0,0,1,1,Content Writer,81
3.39,Education & Biology,0,0,0,1,1,0,0,1,0,1,1,1,0,1,0,0,0,1,0,Lab Scientist,70
3.73,Banking & Finance,0,0,0,1,0,0,0,1,0,0,0,0,0,1,0,1,0,1,1,Accountant,75
3.47,History & International Studies,0,0,0,0,0,0,0,0,0,0,1,1,1,1,0,0,0,1,1,Legal Researcher,73
3.97,Forestry,1,0,0,0,0,0,0,0,0,1,0,0,1,1,0,0,0,1,0,Agricultural Officer,73
2.85,Software Engineering,1,1,0,1,1,0,1,1,0,0,1,1,1,1,0,0,1,1,0,AI Engineer,85
3.77,Computer Science,1,0,0,0,0,1,0,0,0,0,1,0,1,0,0,0,0,1,1,Cybersecurity Analyst,79
3.5,English Studies,0,1,0,1,0,0,0,0,0,0,1,0,0,1,1,0,0,0,0,Content Writer,65
3.73,Education & Mathematics,0,0,0,0,0,0,0,0,0,1,1,1,0,1,0,0,0,0,1,Teacher,81
4.38,Agriculture,0,0,0,0,0,0,1,0,0,0,1,0,0,1,0,0,0,0,0,Research Scientist,66
3.97,Microbiology,1,0,0,1,0,0,0,1,0,1,1,0,1,1,0,0,0,1,0,Research Scientist,88
3.34,Mathematics,1,0,1,0,1,0,0,0,0,0,1,0,0,1,0,0,0,1,0,Data Analyst,65
2.74,Marketing,0,0,0,0,0,0,0,0,1,0,0,1,0,1,1,1,0,1,0,Marketing Specialist,67
3.71,Mathematics,1,0,0,1,0,0,1,1,0,0,0,0,1,1,0,1,0,1,1,Actuary,83
2.11,Economics,0,0,0,1,0,1,1,0,0,0,0,0,0,0,0,1,1,1,0,Economist,42
3.82,Education & Mathematics,0,0,0,0,0,0,0,0,0,0,1,1,0,1,0,0,0,1,1,Teacher,82
3.47,Political Science,0,0,0,0,0,0,0,0,0,0,0,0,0,1,0,1,0,1,0,Lawyer,61
2.88,Biochemistry,0,0,0,1,0,0,0,0,0,1,1,0,1,0,0,0,0,1,0,Lab Scientist,58
3.51,Business Administration,0,0,0,1,0,0,0,1,1,0,1,0,0,1,0,1,0,1,0,Business Analyst,76
4.53,Chemistry,0,0,0,0,0,0,0,0,0,1,0,1,1,0,0,0,0,0,1,Chemist,83
2.32,Education & English,0,0,1,1,0,0,0,0,1,0,0,0,1,1,0,0,0,1,0,Content Writer,47
4.36,Fisheries,0,0,0,1,0,0,0,0,0,0,1,0,0,0,0,0,0,0,0,Fishery Officer,67
3.56,Law,0,0,0,1,0,0,0,0,0,0,0,0,1,1,0,0,0,1,1,Policy Analyst,82
2.52,Physics,1,0,0,1,0,0,0,0,1,1,1,0,0,0,0,0,0,1,0,Research Scientist,64
3.77,Guidance & Counselling,0,0,0,0,0,0,0,0,0,0,0,1,1,1,0,0,0,1,0,Teacher,73
4.09,Mathematics,1,0,0,1,1,0,0,1,0,0,1,0,1,1,0,1,1,1,1,Data Analyst,99
3.19,Information Systems,0,0,1,1,0,0,0,1,0,0,0,0,1,0,0,1,0,1,1,System Analyst,68
3.2,Business Administration,0,0,0,1,0,0,0,0,0,0,1,0,1,1,0,1,0,0,0,Project Manager,60
2.66,Microbiology,0,0,1,1,0,0,0,0,1,1,1,1,1,0,0,0,0,1,0,Public Health Officer,64
4.21,Accounting,0,0,0,1,0,1,0,0,0,0,0,0,1,1,0,1,0,1,1,Auditor,91
4.03,History & International Studies,0,0,0,0,0,0,0,0,0,0,1,1,1,1,0,0,0,1,1,Historian,80
4.24,Geography & Planning,0,0,0,0,0,0,0,0,0,0,1,0,0,1,0,0,0,1,1,GIS Specialist,82
3.66,Education & English,0,0,0,1,0,0,0,0,0,0,0,1,0,1,0,0,0,1,0,Teacher,67
3.14,Education & English,0,0,1,0,0,0,0,0,0,0,0,1,1,1,0,0,0,1,1,Curriculum Developer,69
3.86,Education & Biology,1,0,0,1,0,0,1,0,0,0,1,0,1,1,0,0,0,1,1,Research Scientist,89
3.91,Mathematics,0,0,0,1,0,0,0,0,0,0,0,1,0,1,0,1,0,1,1,Actuary,83
3.73,Computer Science,1,0,0,1,1,1,1,1,0,0,1,0,1,0,0,0,0,1,0,AI Engineer,81
2.96,Marketing,1,0,1,1,0,0,0,1,0,0,0,0,0,0,1,0,1,1,0,Marketing Specialist,62
2.71,Agriculture,0,0,0,0,0,0,0,1,0,1,1,0,1,0,1,0,0,1,0,Agricultural Officer,59
4.2,Criminology,1,0,0,1,1,1,1,1,0,0,0,0,1,1,0,0,0,1,1,Cybersecurity Analyst,97
4.26,Data Science,1,1,1,0,1,0,0,1,0,0,0,0,0,1,0,0,0,0,1,Data Analyst,84
2.94,Sociology,1,0,1,0,1,0,0,0,0,0,0,0,1,1,0,1,0,1,0,Policy Analyst,55
3.17,Geography & Planning,0,0,0,1,0,0,0,0,0,0,1,0,0,1,0,0,1,1,0,GIS Specialist,63
3.84,Economics,0,0,1,1,1,0,0,0,0,0,0,1,0,1,1,1,0,1,0,Economist,75
2.47,Statistics,0,1,0,1,1,0,0,1,0,0,1,0,1,1,0,1,0,0,1,Data Analyst,63
3.75,Computer Science,1,1,1,0,0,0,1,1,0,1,1,0,0,1,1,0,0,1,0,Software Developer,83
4.28,Chemistry,0,0,0,1,0,0,0,0,0,1,1,0,0,1,0,0,0,1,1,Lab Scientist,90
3.55,Estate Management,0,0,0,1,0,0,0,0,0,0,1,0,1,1,0,1,0,1,1,Property Manager,80
3.15,Microbiology,0,0,0,0,1,0,0,0,0,0,1,1,0,0,0,0,0,1,0,Public Health Officer,57
3.4,Information Systems,1,0,0,1,0,0,0,1,0,0,1,0,1,0,0,0,1,0,0,Data Analyst,67
4.24,Law,0,0,0,0,0,0,0,0,0,0,1,0,0,0,0,1,0,1,0,Legal Researcher,70
4.1,Computer Science,0,0,0,1,1,0,0,0,0,0,0,0,1,1,0,0,0,1,1,Data Scientist,92
3.23,Banking & Finance,1,0,1,1,0,0,0,0,0,0,1,0,1,1,0,1,0,1,0,Investment Analyst,76
3.28,History & International Studies,0,0,0,0,0,0,0,0,0,0,1,0,0,1,0,0,0,0,1,Legal Researcher,73
3.91,Law,0,0,0,0,0,1,0,0,0,0,0,0,0,1,0,1,0,1,0,Lawyer,68
3.22,Geography & Planning,0,1,0,1,0,0,1,1,1,0,0,0,1,0,1,0,1,1,1,GIS Specialist,75
4.06,Criminology,0,0,0,0,0,1,1,0,0,0,1,0,0,0,0,1,0,1,1,Security Analyst,84
4.14,Accounting,0,0,0,1,0,0,0,1,0,0,1,0,1,0,0,1,0,1,1,Accountant,89
3.01,Psychology,0,0,0,1,0,0,0,0,0,0,1,0,1,0,1,1,0,1,0,Social Analyst,65
3.74,Mathematics,0,0,0,1,1,0,0,0,0,0,1,0,1,1,0,1,0,1,1,Actuary,90
2.28,Guidance & Counselling,0,0,0,0,1,0,1,1,0,0,1,0,0,1,0,1,0,1,1,Social Analyst,58
3.64,Accounting,1,0,0,0,0,0,0,0,0,0,1,0,1,1,0,1,0,0,0,Auditor,64
3.38,Agriculture,0,0,0,0,0,1,0,0,0,1,1,0,0,1,0,0,1,1,1,Research Scientist,75
3.6,Education & Mathematics,0,0,0,1,0,0,0,0,0,0,1,1,1,1,0,0,0,0,1,Curriculum Developer,71
2.28,Fisheries,1,0,0,1,0,0,0,0,0,1,1,0,0,0,1,0,0,1,0,Research Scientist,48
3.05,Political Science,0,0,0,1,0,0,0,1,0,0,1,1,1,1,1,0,0,1,0,Social Analyst,66
3.11,Marketing,0,0,0,0,0,0,0,0,1,0,1,0,1,1,0,0,0,1,1,Content Strategist,74
3.25,Statistics,0,0,0,1,1,0,0,0,1,0,1,0,1,1,1,0,0,0,1,Data Analyst,75
3.23,Computer Science,1,0,0,1,1,0,0,1,0,0,0,0,1,1,0,1,0,0,0,Data Scientist,72
3.37,Fisheries,0,0,0,1,0,0,1,0,0,0,0,0,1,1,0,0,1,0,1,Environmental Officer,67
2.87,English Studies,0,0,0,0,0,0,0,0,0,0,1,0,1,1,1,0,0,0,0,Content Strategist,53
4.03,Physics,1,0,0,1,0,0,0,1,0,0,1,0,1,0,0,0,0,1,1,Data Analyst,85
2.64,Psychology,0,0,0,0,0,0,0,0,0,0,0,0,0,1,1,0,0,1,1,Counsellor,57
4.11,Mass Communication,0,0,0,1,1,0,0,0,1,0,0,0,1,1,1,0,1,0,1,Marketing Specialist,91
3.87,Microbiology,0,0,0,1,0,0,0,0,0,1,1,0,1,1,0,0,0,1,1,Public Health Officer,84
4.25,Economics,1,0,0,1,0,0,0,0,0,0,1,1,1,1,0,0,0,1,0,Policy Analyst,88
3.28,Biochemistry,1,0,0,0,0,0,0,1,0,0,1,1,0,1,0,0,0,0,0,Research Scientist,60
3.71,Marketing,0,0,1,0,0,0,0,0,1,0,1,1,0,1,1,0,0,1,0,Content Strategist,79
4.51,Cyber Security,1,1,0,1,1,1,1,0,0,0,1,0,1,1,0,0,0,1,1,Cybersecurity Analyst,105
4.06,Political Science,0,0,0,1,0,0,0,0,0,0,1,0,1,1,0,0,0,1,0,Policy Analyst,80
4.54,History & International Studies,1,0,0,1,0,0,0,0,0,0,1,0,1,1,0,1,0,1,1,Policy Analyst,102
4.21,Data Science,1,0,0,1,1,0,0,1,0,0,0,0,1,1,0,0,0,1,0,Data Scientist,98
2.89,Chemistry,0,0,0,1,0,0,0,1,0,1,1,0,0,1,0,0,0,1,1,Lab Scientist,72
2.72,Criminology,0,0,0,1,1,0,0,0,0,0,1,0,1,1,1,0,1,1,1,Policy Analyst,73
3.91,Fisheries,0,0,0,0,0,0,0,0,0,0,1,0,1,1,0,0,0,1,0,Environmental Officer,58
3.41,Cyber Security,0,0,0,0,1,1,1,0,0,0,0,0,1,1,0,0,0,1,0,Security Analyst,65
3.21,Education & English,0,0,0,0,0,0,0,0,0,1,1,1,0,1,0,0,0,1,0,Curriculum Developer,59
3.4,Education & Biology,1,0,1,1,1,1,1,0,0,1,1,0,1,1,0,0,0,1,0,Research Scientist,81
3.5,History & International Studies,0,0,0,0,0,0,0,1,0,0,0,0,0,1,0,0,1,1,1,Historian,66
3.53,Political Science,0,0,0,1,1,1,0,1,0,0,1,0,1,1,0,1,0,1,1,Policy Analyst,86
2.81,History & International Studies,0,0,0,0,0,0,0,0,0,0,1,0,0,1,0,0,1,1,0,Historian,57
